model,set,rank,method_id,method,direction,f_standard,f_deviant,semitones,trough_uv,latency_ms,recovery_frac,s7_pass,s2_pass,s4_specificity,post_slope_uv_per_100ms,ctrl_min_uv,n_deviants,consensus_rank,n_agree
whisper-tiny,literature,1,19,method_19_counter,counter,1850.0,1000.0,10.6503,-2.6455,140.9375,1.4382,True,True,True,0.2418,-1.8315,15,3,4
whisper-tiny,literature,2,60,method_60_counter,counter,1500.0,1000.0,7.0196,-2.5115,140.9375,1.6479,True,True,True,2.3886,-0.9184,15,9,3
whisper-tiny,literature,3,55,method_55_counter,counter,2000.0,1000.0,12.0,-2.1677,220.9375,0.8932,True,True,True,1.9228,-0.7182,15,15,3
whisper-tiny,literature,4,55,method_55,regular,1000.0,2000.0,12.0,-1.5126,100.875,2.0812,True,True,True,0.7835,-0.159,15,19,3
whisper-tiny,literature,5,21,method_21,regular,1000.0,1850.0,10.6503,-1.3389,120.875,2.351,True,True,True,0.5989,-0.0769,15,2,5
whisper-tiny,phase2,1,1577,method_1577_counter,counter,6979.0,800.0,37.4994,-2.6278,160.875,1.0169,True,True,True,1.7901,-0.248,15,215,1
whisper-tiny,phase2,2,1721,method_1721_counter,counter,2934.0,1467.0,12.0,-2.6003,180.9375,1.4778,True,True,True,2.0412,-0.1857,15,148,3
whisper-tiny,phase2,3,1551,method_1551_counter,counter,6979.0,734.0,38.99,-2.4068,160.875,1.0119,True,True,True,1.8599,-0.2308,15,217,1
whisper-tiny,phase2,4,1703,method_1703_counter,counter,3200.0,1345.0,15.0056,-2.3839,180.875,1.31,True,True,True,1.3255,-0.3316,15,143,3
whisper-tiny,phase2,5,1515,method_1515_counter,counter,3200.0,673.0,26.9927,-2.3268,180.875,1.733,True,True,True,1.6876,-0.4659,15,142,3
whisper-base,literature,1,19,method_19_counter,counter,1850.0,1000.0,10.6503,-1.3437,120.9375,2.7801,True,True,True,-0.0584,-0.5568,15,3,4
whisper-base,literature,2,18,method_18,regular,1000.0,1850.0,10.6503,-1.259,180.875,1.4701,True,True,True,0.9001,-1.1794,15,11,3
whisper-base,literature,3,55,method_55,regular,1000.0,2000.0,12.0,-1.2348,100.875,1.7971,True,True,True,0.2575,-0.1403,15,19,3
whisper-base,literature,4,60,method_60_counter,counter,1500.0,1000.0,7.0196,-1.0172,120.9375,1.3771,True,True,True,0.4332,-0.6299,15,9,3
whisper-base,literature,5,12,method_12_counter,counter,1200.0,1000.0,3.1564,-0.8049,120.9375,1.2322,True,True,True,0.398,0.1485,15,37,2
whisper-base,phase2,1,1750,method_1750,regular,1600.0,7611.0,27.0002,-2.6459,120.875,0.754,True,True,True,1.1645,-0.5791,15,2,6
whisper-base,phase2,2,1042,method_1042,regular,200.0,7611.0,63.0002,-2.3933,141.125,0.7568,True,True,True,1.4725,0.0089,15,74,5
whisper-base,phase2,3,1767,method_1767,regular,1745.0,7611.0,25.4983,-2.3932,140.9375,0.7119,True,True,True,1.3311,-0.2667,15,94,4
whisper-base,phase2,4,1713,method_1713,regular,1345.0,7611.0,30.0058,-2.3782,140.875,0.7222,True,True,True,1.3684,0.0909,15,93,4
whisper-base,phase2,5,1783,method_1783,regular,1903.0,7611.0,23.9977,-2.2366,140.875,0.57,True,True,True,1.1775,-0.4929,15,29,5
whisper-small,literature,1,21,method_21,regular,1000.0,1850.0,10.6503,-1.4879,160.875,1.5588,True,True,True,0.7403,0.1827,15,2,5
whisper-small,literature,2,60,method_60,regular,1000.0,1500.0,7.0196,-1.3235,220.875,1.5692,True,True,True,1.3511,-0.012,15,6,4
whisper-small,literature,3,55,method_55,regular,1000.0,2000.0,12.0,-1.3201,160.875,1.8912,True,True,True,0.6764,0.1127,15,19,3
whisper-small,literature,4,19,method_19_counter,counter,1850.0,1000.0,10.6503,-1.1875,140.9375,1.4012,True,True,False,0.488,-0.8736,15,3,4
whisper-small,literature,5,9,method_9,regular,600.0,1000.0,8.8436,-1.0808,171.0,1.2943,True,True,True,0.5623,0.0661,15,14,3
whisper-small,phase2,1,1812,method_1812,regular,2263.0,7611.0,20.9982,-3.3269,200.875,1.3486,True,True,True,3.5784,0.3975,15,1,6
whisper-small,phase2,2,1578,method_1578,regular,800.0,7611.0,39.0002,-3.1318,220.9375,1.592,True,True,True,4.1337,1.127,15,24,5
whisper-small,phase2,3,1525,method_1525,regular,673.0,7611.0,41.9929,-3.054,200.8125,1.6315,True,True,True,4.0584,1.1348,15,6,6
whisper-small,phase2,4,1882,method_1882,regular,4150.0,7611.0,10.4997,-2.9654,200.9375,1.2691,True,True,True,3.0989,0.5497,15,5,6
whisper-small,phase2,5,1552,method_1552,regular,734.0,7611.0,40.4908,-2.9346,200.875,1.6642,True,True,True,3.9543,1.2047,15,104,4
whisper-medium,literature,1,43,method_43,regular,633.0,700.0,1.7418,-9.6088,170.875,0.948,True,True,True,2.1718,-1.9251,15,26,2
whisper-medium,literature,2,44,method_44_counter,counter,1000.0,633.0,7.9167,-5.6856,170.875,1.2027,True,True,True,-0.4662,-3.9011,15,27,2
whisper-medium,literature,3,20,method_20,regular,1000.0,1850.0,10.6503,-2.3015,120.875,1.742,True,True,True,1.2591,-0.2364,15,1,5
whisper-medium,literature,4,44,method_44,regular,633.0,1000.0,7.9167,-2.2786,150.875,1.5048,True,True,True,2.2224,-0.8811,15,18,3
whisper-medium,literature,5,53,method_53,regular,1000.0,1200.0,3.1564,-2.1929,160.875,2.8041,True,True,True,1.6501,-0.4394,15,34,2
whisper-medium,phase2,1,1722,method_1722,regular,1467.0,3200.0,13.5024,-4.6716,180.9375,2.34,True,True,True,6.3712,0.1668,15,14,5
whisper-medium,phase2,2,1568,method_1568,regular,800.0,3200.0,24.0,-3.9987,180.9375,2.5502,True,True,True,8.4068,2.0389,15,19,5
whisper-medium,phase2,3,1721,method_1721,regular,1467.0,2934.0,12.0,-3.9867,180.9375,2.378,True,True,True,5.8241,-0.026,15,103,4
whisper-medium,phase2,4,1729,method_1729,regular,1467.0,5869.0,24.003,-3.8283,180.9375,2.4958,True,True,True,5.2468,-0.58,15,26,5
whisper-medium,phase2,5,1727,method_1727,regular,1467.0,4935.0,21.0022,-3.6206,180.9375,2.7682,True,True,True,5.7536,-0.1542,15,32,5
wav2vec2-medium,literature,1,33,method_33,regular,1000.0,1200.0,3.1564,-2.081,200.875,0.9349,True,True,True,2.1094,-0.203,15,36,2
wav2vec2-medium,literature,2,55,method_55_counter,counter,2000.0,1000.0,12.0,-2.0463,160.9375,0.8224,True,True,True,0.5027,-1.8282,15,15,3
wav2vec2-medium,literature,3,12,method_12_counter,counter,1200.0,1000.0,3.1564,-1.8775,140.9375,2.078,True,True,True,1.8867,1.0657,15,37,2
wav2vec2-medium,literature,4,21,method_21_counter,counter,1850.0,1000.0,10.6503,-1.638,160.9375,0.8754,True,True,False,0.5665,-1.7625,15,16,3
wav2vec2-medium,literature,5,44,method_44_counter,counter,1000.0,633.0,7.9167,-1.6314,110.875,1.065,True,True,True,0.611,-0.1733,15,27,2
wav2vec2-medium,phase2,1,1835,method_1835,regular,2691.0,6400.0,14.9992,-3.7891,100.875,1.1308,True,True,True,2.135,1.1338,15,115,4
wav2vec2-medium,phase2,2,1880,method_1880,regular,4150.0,6400.0,7.4995,-3.4033,120.9375,0.9431,True,True,True,2.7198,1.9456,15,109,4
wav2vec2-medium,phase2,3,1626,method_1626,regular,951.0,6979.0,34.506,-2.9271,220.875,1.1651,True,True,True,3.2366,-0.7569,15,105,4
wav2vec2-medium,phase2,4,1701,method_1701,regular,1345.0,2691.0,12.0064,-2.9232,180.875,1.0706,True,True,True,1.8815,-0.5255,15,20,5
wav2vec2-medium,phase2,5,1627,method_1627,regular,951.0,7611.0,36.0068,-2.9179,160.875,0.7093,True,True,True,2.5181,0.0184,15,3,6
wav2vec2-large,literature,1,19,method_19_counter,counter,1850.0,1000.0,10.6503,-7.902,160.9375,0.5803,True,True,False,-1.5384,-12.2703,15,3,4
wav2vec2-large,literature,2,53,method_53_counter,counter,1200.0,1000.0,3.1564,-4.0354,140.9375,1.4603,True,True,True,4.7294,3.9203,15,12,3
wav2vec2-large,literature,3,55,method_55_counter,counter,2000.0,1000.0,12.0,-3.7608,220.9375,0.2921,False,False,False,0.6325,-5.3132,15,15,3
wav2vec2-large,literature,4,60,method_60,regular,1000.0,1500.0,7.0196,-3.4041,120.875,1.4894,True,True,True,1.313,1.0996,15,6,4
wav2vec2-large,literature,5,60,method_60_counter,counter,1500.0,1000.0,7.0196,-3.1185,220.9375,0.8477,True,True,True,1.7347,-1.4873,15,9,3
wav2vec2-large,phase2,1,1740,method_1740,regular,1600.0,3200.0,12.0,-8.0532,140.875,0.8351,True,True,True,4.5232,-1.2951,15,10,5
wav2vec2-large,phase2,2,1765,method_1765,regular,1745.0,6400.0,22.4981,-7.8343,220.9375,0.9862,True,True,True,5.8276,-3.5148,15,11,5
wav2vec2-large,phase2,3,1767,method_1767,regular,1745.0,7611.0,25.4983,-7.6299,220.9375,0.1853,False,False,True,2.2463,-6.1857,15,94,4
wav2vec2-large,phase2,4,1762,method_1762,regular,1745.0,4935.0,17.9979,-7.006,220.9375,0.6666,True,True,True,4.8588,-2.8209,15,12,5
wav2vec2-large,phase2,5,1515,method_1515,regular,673.0,3200.0,26.9927,-6.3466,160.8125,1.1365,True,True,True,3.914,-1.6979,15,15,5
