gate,model,method,method_id,direction,f_low,f_high,semitones,pct_deviance,trough_uv,n_agree,lit_deepest_uv,margin_uv
all,whisper-base,method_1750,1750,regular,1600.0,7611.0,27.0002,375.6875,-2.6459,6,-1.3437,-1.3022
all,whisper-base,method_1042,1042,regular,200.0,7611.0,63.0002,3705.5,-2.3934,5,-1.3437,-1.0496
all,whisper-base,method_1767,1767,regular,1745.0,7611.0,25.4983,336.1605,-2.3932,4,-1.3437,-1.0495
all,whisper-base,method_1713,1713,regular,1345.0,7611.0,30.0058,465.8736,-2.3782,4,-1.3437,-1.0345
all,whisper-base,method_1783,1783,regular,1903.0,7611.0,23.9977,299.9475,-2.2366,5,-1.3437,-0.8929
all,whisper-base,method_1603,1603,regular,872.0,7611.0,37.5082,772.8211,-2.1658,6,-1.3437,-0.8221
all,whisper-base,method_1578,1578,regular,800.0,7611.0,39.0002,851.375,-2.1648,5,-1.3437,-0.8212
all,whisper-base,method_1875,1875,regular,3805.0,7611.0,12.0023,100.0263,-2.1626,5,-1.3437,-0.8189
all,whisper-base,method_1744,1744,regular,1600.0,4525.0,17.9982,182.8125,-2.0534,5,-1.3437,-0.7097
all,whisper-base,method_1747,1747,regular,1600.0,5869.0,22.5005,266.8125,-2.0249,5,-1.3437,-0.6812
all,whisper-base,method_1746,1746,regular,1600.0,5382.0,21.0008,236.375,-1.9727,5,-1.3437,-0.629
all,whisper-base,method_1749,1749,regular,1600.0,6979.0,25.4994,336.1875,-1.9625,4,-1.3437,-0.6188
all,whisper-base,method_1745,1745,regular,1600.0,4935.0,19.4997,208.4375,-1.9501,5,-1.3437,-0.6064
all,whisper-base,method_1324_counter,1324,counter,400.0,1600.0,24.0,300.0,-1.9396,4,-1.3437,-0.5959
all,whisper-base,method_1798,1798,regular,2075.0,7611.0,22.4997,266.7952,-1.8839,5,-1.3437,-0.5402
all,whisper-base,method_1323_counter,1323,counter,400.0,1467.0,22.4976,266.75,-1.8758,3,-1.3437,-0.5321
all,whisper-base,method_1729,1729,regular,1467.0,5869.0,24.003,300.0682,-1.8593,5,-1.3437,-0.5156
all,whisper-base,method_1727,1727,regular,1467.0,4935.0,21.0022,236.4008,-1.8577,5,-1.3437,-0.514
all,whisper-base,method_1748,1748,regular,1600.0,6400.0,24.0,300.0,-1.8343,4,-1.3437,-0.4906
all,whisper-base,method_1708,1708,regular,1345.0,4935.0,22.5053,266.9145,-1.8248,5,-1.3437,-0.4811
all,whisper-base,method_1400_counter,1400,counter,476.0,4150.0,37.4889,771.8487,-1.8216,4,-1.3437,-0.4779
all,whisper-base,method_1762,1762,regular,1745.0,4935.0,17.9979,182.808,-1.8184,5,-1.3437,-0.4747
all,whisper-base,method_1627,1627,regular,951.0,7611.0,36.0068,700.3155,-1.7866,6,-1.3437,-0.443
all,whisper-base,method_1123,1123,regular,238.0,7611.0,59.9886,3097.8992,-1.7606,5,-1.3437,-0.4169
all,whisper-base,method_1418_counter,1418,counter,519.0,1345.0,16.4856,159.1522,-1.7064,5,-1.3437,-0.3627
all,whisper-base,method_1710,1710,regular,1345.0,5869.0,25.5061,336.3569,-1.7016,5,-1.3437,-0.3579
all,whisper-base,method_1301_counter,1301,counter,367.0,4150.0,41.9911,1030.7902,-1.6887,5,-1.3437,-0.345
all,whisper-base,method_1778,1778,regular,1903.0,4935.0,16.4973,159.3274,-1.6842,3,-1.3437,-0.3405
all,whisper-base,method_1387_counter,1387,counter,476.0,1345.0,17.9829,182.563,-1.6784,5,-1.3437,-0.3347
all,whisper-base,method_1709,1709,regular,1345.0,5382.0,24.0064,300.1487,-1.675,5,-1.3437,-0.3313
all,whisper-base,method_1730,1730,regular,1467.0,6400.0,25.5024,336.2645,-1.6707,5,-1.3437,-0.327
all,whisper-base,method_1874,1874,regular,3805.0,6979.0,10.5015,83.4166,-1.6508,5,-1.3437,-0.3071
all,whisper-base,method_1552,1552,regular,734.0,7611.0,40.4908,936.921,-1.65,4,-1.3437,-0.3063
all,whisper-base,method_1712,1712,regular,1345.0,6979.0,28.505,418.8848,-1.6417,5,-1.3437,-0.298
all,whisper-base,method_1848,1848,regular,2934.0,7611.0,16.5026,159.407,-1.6228,4,-1.3437,-0.2791
all,whisper-base,method_1355_counter,1355,counter,436.0,1345.0,19.5025,208.4862,-1.6186,5,-1.3437,-0.2749
all,whisper-base,method_1763,1763,regular,1745.0,5382.0,19.499,208.4241,-1.6082,5,-1.3437,-0.2645
all,whisper-base,method_1577,1577,regular,800.0,6979.0,37.4994,772.375,-1.5953,4,-1.3437,-0.2516
all,whisper-base,method_1764,1764,regular,1745.0,5869.0,20.9987,236.3324,-1.5882,5,-1.3437,-0.2445
all,whisper-base,method_1766,1766,regular,1745.0,6979.0,23.9975,299.9427,-1.5565,6,-1.3437,-0.2128
all,whisper-base,method_1882,1882,regular,4150.0,7611.0,10.4997,83.3976,-1.5443,6,-1.3437,-0.2006
all,whisper-base,method_1765,1765,regular,1745.0,6400.0,22.4981,266.7622,-1.5425,5,-1.3437,-0.1988
all,whisper-base,method_1382_counter,1382,counter,476.0,872.0,10.4804,83.1933,-1.5371,4,-1.3437,-0.1934
all,whisper-base,method_1266_counter,1266,counter,336.0,4150.0,43.5189,1135.119,-1.5271,5,-1.3437,-0.1834
all,whisper-base,method_1200,1200,regular,283.0,7611.0,56.9905,2589.3993,-1.49,5,-1.3437,-0.1463
all,whisper-base,method_1144_counter,1144,counter,259.0,1600.0,31.5246,517.7606,-1.4884,5,-1.3437,-0.1447
all,whisper-base,method_1602,1602,regular,872.0,6979.0,36.0074,700.344,-1.4825,4,-1.3437,-0.1388
all,whisper-base,method_1825,1825,regular,2468.0,7611.0,19.4969,208.3874,-1.4574,5,-1.3437,-0.1137
all,whisper-base,method_1105_counter,1105,counter,238.0,1600.0,32.9885,572.2689,-1.4349,4,-1.3437,-0.0912
all,whisper-base,method_1743,1743,regular,1600.0,4150.0,16.5005,159.375,-1.4129,4,-1.3437,-0.0692
all,whisper-base,method_1794,1794,regular,2075.0,5382.0,16.5004,159.3735,-1.395,5,-1.3437,-0.0513
all,whisper-base,method_1443_counter,1443,counter,566.0,872.0,7.4823,54.0636,-1.3879,4,-1.3437,-0.0442
all,whisper-base,method_1601,1601,regular,872.0,6400.0,34.5081,633.945,-1.3862,4,-1.3437,-0.0425
all,whisper-base,method_1487_counter,1487,counter,617.0,3200.0,28.4968,418.6386,-1.3816,2,-1.3437,-0.0379
all,whisper-base,method_1718,1718,regular,1467.0,2263.0,7.5044,54.2604,-1.3803,5,-1.3437,-0.0366
all,whisper-base,method_1230_counter,1230,counter,308.0,4150.0,45.0253,1247.4026,-1.3786,5,-1.3437,-0.0349
all,whisper-base,method_1793,1793,regular,2075.0,4935.0,14.9993,137.8313,-1.359,5,-1.3437,-0.0153
all,whisper-base,method_1565,1565,regular,800.0,2468.0,19.5032,208.5,-1.3519,4,-1.3437,-0.0082
all,whisper-small,method_1812,1812,regular,2263.0,7611.0,20.9982,236.3235,-3.3269,6,-1.4879,-1.839
all,whisper-small,method_1578,1578,regular,800.0,7611.0,39.0002,851.375,-3.1318,5,-1.4879,-1.6439
all,whisper-small,method_1525,1525,regular,673.0,7611.0,41.9929,1030.9064,-3.054,6,-1.4879,-1.5661
all,whisper-small,method_1882,1882,regular,4150.0,7611.0,10.4997,83.3976,-2.9654,6,-1.4879,-1.4775
all,whisper-small,method_1552,1552,regular,734.0,7611.0,40.4908,936.921,-2.9346,4,-1.4879,-1.4466
all,whisper-small,method_1798,1798,regular,2075.0,7611.0,22.4997,266.7952,-2.9191,5,-1.4879,-1.4312
all,whisper-small,method_1603,1603,regular,872.0,7611.0,37.5082,772.8211,-2.8745,6,-1.4879,-1.3866
all,whisper-small,method_1627,1627,regular,951.0,7611.0,36.0068,700.3155,-2.8592,6,-1.4879,-1.3712
all,whisper-small,method_1825,1825,regular,2468.0,7611.0,19.4969,208.3874,-2.8416,5,-1.4879,-1.3537
all,whisper-small,method_1848,1848,regular,2934.0,7611.0,16.5026,159.407,-2.7168,4,-1.4879,-1.2289
all,whisper-small,method_1650,1650,regular,1037.0,7611.0,34.508,633.9441,-2.5794,5,-1.4879,-1.0915
all,whisper-small,method_1750,1750,regular,1600.0,7611.0,27.0002,375.6875,-2.5701,6,-1.4879,-1.0822
all,whisper-small,method_1875,1875,regular,3805.0,7611.0,12.0023,100.0263,-2.5212,5,-1.4879,-1.0333
all,whisper-small,method_1713,1713,regular,1345.0,7611.0,30.0058,465.8736,-2.3533,4,-1.4879,-0.8654
all,whisper-small,method_1767,1767,regular,1745.0,7611.0,25.4983,336.1605,-2.2033,4,-1.4879,-0.7154
all,whisper-small,method_1273,1273,regular,336.0,7611.0,54.0186,2165.1786,-2.1795,5,-1.4879,-0.6916
all,whisper-small,method_1783,1783,regular,1903.0,7611.0,23.9977,299.9475,-2.1366,5,-1.4879,-0.6487
all,whisper-small,method_1200,1200,regular,283.0,7611.0,56.9905,2589.3993,-1.9156,5,-1.4879,-0.4277
all,whisper-small,method_1116_counter,1116,counter,238.0,4150.0,49.4889,1643.6975,-1.8934,5,-1.4879,-0.4055
all,whisper-small,method_1105_counter,1105,counter,238.0,1600.0,32.9885,572.2689,-1.7454,4,-1.4879,-0.2575
all,whisper-small,method_1808,1808,regular,2263.0,5382.0,14.9989,137.8259,-1.7099,5,-1.4879,-0.222
all,whisper-small,method_1193_counter,1193,counter,283.0,4150.0,46.4908,1366.4311,-1.7057,5,-1.4879,-0.2178
all,whisper-small,method_1024_counter,1024,counter,200.0,1600.0,36.0,700.0,-1.6956,5,-1.4879,-0.2077
all,whisper-small,method_1144_counter,1144,counter,259.0,1600.0,31.5246,517.7606,-1.6695,5,-1.4879,-0.1816
all,whisper-small,method_1155_counter,1155,counter,259.0,4150.0,48.025,1502.3166,-1.6654,4,-1.4879,-0.1774
all,whisper-small,method_1042,1042,regular,200.0,7611.0,63.0002,3705.5,-1.6155,5,-1.4879,-0.1276
all,whisper-small,method_1400_counter,1400,counter,476.0,4150.0,37.4889,771.8487,-1.5853,4,-1.4879,-0.0974
all,whisper-small,method_1743_counter,1743,counter,1600.0,4150.0,16.5005,159.375,-1.5648,2,-1.4879,-0.0769
all,whisper-small,method_1776_counter,1776,counter,1903.0,4150.0,13.498,118.0767,-1.542,3,-1.4879,-0.0541
all,whisper-small,method_1101_counter,1101,counter,238.0,1131.0,26.9828,375.2101,-1.5365,3,-1.4879,-0.0486
all,whisper-small,method_1810,1810,regular,2263.0,6400.0,17.998,182.8104,-1.5272,5,-1.4879,-0.0392
all,whisper-small,method_1718_counter,1718,counter,1467.0,2263.0,7.5044,54.2604,-1.5222,4,-1.4879,-0.0343
all,whisper-small,method_1324_counter,1324,counter,400.0,1600.0,24.0,300.0,-1.517,4,-1.4879,-0.0291
all,whisper-small,method_1323_counter,1323,counter,400.0,1467.0,22.4976,266.75,-1.5113,3,-1.4879,-0.0234
all,whisper-small,method_1791_counter,1791,counter,2075.0,4150.0,12.0,100.0,-1.5083,3,-1.4879,-0.0204
all,whisper-small,method_1809,1809,regular,2263.0,5869.0,16.4985,159.346,-1.5045,6,-1.4879,-0.0166
all,wav2vec2-medium,method_1835,1835,regular,2691.0,6400.0,14.9992,137.8298,-3.7891,4,-2.081,-1.708
all,wav2vec2-medium,method_1880,1880,regular,4150.0,6400.0,7.4995,54.2169,-3.4033,4,-2.081,-1.3223
all,wav2vec2-medium,method_1626,1626,regular,951.0,6979.0,34.506,633.8591,-2.9271,4,-2.081,-0.846
all,wav2vec2-medium,method_1701,1701,regular,1345.0,2691.0,12.0064,100.0743,-2.9232,5,-2.081,-0.8421
all,wav2vec2-medium,method_1627,1627,regular,951.0,7611.0,36.0068,700.3155,-2.918,6,-2.081,-0.8369
all,wav2vec2-medium,method_1650,1650,regular,1037.0,7611.0,34.508,633.9441,-2.764,5,-2.081,-0.6829
all,wav2vec2-medium,method_1843,1843,regular,2934.0,4935.0,9.0022,68.2004,-2.76,4,-2.081,-0.6789
all,wav2vec2-medium,method_1301_counter,1301,counter,367.0,4150.0,41.9911,1030.7902,-2.6941,5,-2.081,-0.6131
all,wav2vec2-medium,method_1797,1797,regular,2075.0,6979.0,20.9989,236.3373,-2.6188,5,-2.081,-0.5377
all,wav2vec2-medium,method_1105_counter,1105,counter,238.0,1600.0,32.9885,572.2689,-2.6008,4,-2.081,-0.5197
all,wav2vec2-medium,method_1720,1720,regular,1467.0,2691.0,10.5033,83.4356,-2.542,5,-2.081,-0.461
all,wav2vec2-medium,method_1835_counter,1835,counter,2691.0,6400.0,14.9992,137.8298,-2.5405,1,-2.081,-0.4595
all,wav2vec2-medium,method_1749,1749,regular,1600.0,6979.0,25.4994,336.1875,-2.5191,4,-2.081,-0.438
all,wav2vec2-medium,method_1712,1712,regular,1345.0,6979.0,28.505,418.8848,-2.5034,5,-2.081,-0.4223
all,wav2vec2-medium,method_1266_counter,1266,counter,336.0,4150.0,43.5189,1135.119,-2.4917,5,-2.081,-0.4106
all,wav2vec2-medium,method_1713,1713,regular,1345.0,7611.0,30.0058,465.8736,-2.4456,4,-2.081,-0.3646
all,wav2vec2-medium,method_1699,1699,regular,1345.0,2263.0,9.0076,68.2528,-2.4177,4,-2.081,-0.3367
all,wav2vec2-medium,method_1649,1649,regular,1037.0,6979.0,33.0073,572.999,-2.3918,5,-2.081,-0.3108
all,wav2vec2-medium,method_1708,1708,regular,1345.0,4935.0,22.5053,266.9145,-2.3892,5,-2.081,-0.3081
all,wav2vec2-medium,method_1740,1740,regular,1600.0,3200.0,12.0,100.0,-2.3798,5,-2.081,-0.2988
all,wav2vec2-medium,method_1515_counter,1515,counter,673.0,3200.0,26.9927,375.4829,-2.3147,3,-2.081,-0.2337
all,wav2vec2-medium,method_1722,1722,regular,1467.0,3200.0,13.5024,118.1322,-2.309,5,-2.081,-0.228
all,wav2vec2-medium,method_1116,1116,regular,238.0,4150.0,49.4889,1643.6975,-2.2931,2,-2.081,-0.2121
all,wav2vec2-medium,method_1487_counter,1487,counter,617.0,3200.0,28.4968,418.6386,-2.2654,2,-2.081,-0.1843
all,wav2vec2-medium,method_1401,1401,regular,476.0,4525.0,38.9866,850.6303,-2.2525,2,-2.081,-0.1714
all,wav2vec2-medium,method_1738,1738,regular,1600.0,2691.0,9.0008,68.1875,-2.2479,5,-2.081,-0.1668
all,wav2vec2-medium,method_1848,1848,regular,2934.0,7611.0,16.5026,159.407,-2.2459,4,-2.081,-0.1648
all,wav2vec2-medium,method_1874,1874,regular,3805.0,6979.0,10.5015,83.4166,-2.2367,5,-2.081,-0.1556
all,wav2vec2-medium,method_1703_counter,1703,counter,1345.0,3200.0,15.0056,137.9182,-2.1793,3,-2.081,-0.0983
all,wav2vec2-medium,method_1414,1414,regular,519.0,951.0,10.4845,83.237,-2.177,2,-2.081,-0.096
all,wav2vec2-medium,method_1710,1710,regular,1345.0,5869.0,25.5061,336.3569,-2.1769,5,-2.081,-0.0959
all,wav2vec2-medium,method_1568_counter,1568,counter,800.0,3200.0,24.0,300.0,-2.1696,2,-2.081,-0.0886
all,wav2vec2-medium,method_1744_counter,1744,counter,1600.0,4525.0,17.9982,182.8125,-2.1662,4,-2.081,-0.0852
all,wav2vec2-medium,method_1727_counter,1727,counter,1467.0,4935.0,21.0022,236.4008,-2.1592,1,-2.081,-0.0782
all,wav2vec2-medium,method_1621_counter,1621,counter,951.0,4525.0,27.0048,375.8149,-2.1528,3,-2.081,-0.0718
all,wav2vec2-medium,method_1783_counter,1783,counter,1903.0,7611.0,23.9977,299.9475,-2.1208,2,-2.081,-0.0398
all,wav2vec2-medium,method_1750,1750,regular,1600.0,7611.0,27.0002,375.6875,-2.1037,6,-2.081,-0.0227
all,wav2vec2-medium,method_1613,1613,regular,951.0,2263.0,15.0086,137.96,-2.103,5,-2.081,-0.022
all,wav2vec2-medium,method_1798,1798,regular,2075.0,7611.0,22.4997,266.7952,-2.097,5,-2.081,-0.016
all,wav2vec2-medium,method_1737,1737,regular,1600.0,2468.0,7.5032,54.25,-2.082,5,-2.081,-0.001
all,wav2vec2-large,method_1740,1740,regular,1600.0,3200.0,12.0,100.0,-8.0532,5,-7.902,-0.1512
s7,whisper-base,method_1750,1750,regular,1600.0,7611.0,27.0002,375.6875,-2.6459,6,-1.3437,-1.3022
s7,whisper-base,method_1042,1042,regular,200.0,7611.0,63.0002,3705.5,-2.3934,5,-1.3437,-1.0496
s7,whisper-base,method_1767,1767,regular,1745.0,7611.0,25.4983,336.1605,-2.3932,4,-1.3437,-1.0495
s7,whisper-base,method_1713,1713,regular,1345.0,7611.0,30.0058,465.8736,-2.3782,4,-1.3437,-1.0345
s7,whisper-base,method_1783,1783,regular,1903.0,7611.0,23.9977,299.9475,-2.2366,5,-1.3437,-0.8929
s7,whisper-base,method_1603,1603,regular,872.0,7611.0,37.5082,772.8211,-2.1658,6,-1.3437,-0.8221
s7,whisper-base,method_1578,1578,regular,800.0,7611.0,39.0002,851.375,-2.1648,5,-1.3437,-0.8212
s7,whisper-base,method_1875,1875,regular,3805.0,7611.0,12.0023,100.0263,-2.1626,5,-1.3437,-0.8189
s7,whisper-base,method_1744,1744,regular,1600.0,4525.0,17.9982,182.8125,-2.0534,5,-1.3437,-0.7097
s7,whisper-base,method_1747,1747,regular,1600.0,5869.0,22.5005,266.8125,-2.0249,5,-1.3437,-0.6812
s7,whisper-base,method_1746,1746,regular,1600.0,5382.0,21.0008,236.375,-1.9727,5,-1.3437,-0.629
s7,whisper-base,method_1749,1749,regular,1600.0,6979.0,25.4994,336.1875,-1.9625,4,-1.3437,-0.6188
s7,whisper-base,method_1745,1745,regular,1600.0,4935.0,19.4997,208.4375,-1.9501,5,-1.3437,-0.6064
s7,whisper-base,method_1324_counter,1324,counter,400.0,1600.0,24.0,300.0,-1.9396,4,-1.3437,-0.5959
s7,whisper-base,method_1798,1798,regular,2075.0,7611.0,22.4997,266.7952,-1.8839,5,-1.3437,-0.5402
s7,whisper-base,method_1323_counter,1323,counter,400.0,1467.0,22.4976,266.75,-1.8758,3,-1.3437,-0.5321
s7,whisper-base,method_1729,1729,regular,1467.0,5869.0,24.003,300.0682,-1.8593,5,-1.3437,-0.5156
s7,whisper-base,method_1727,1727,regular,1467.0,4935.0,21.0022,236.4008,-1.8577,5,-1.3437,-0.514
s7,whisper-base,method_1748,1748,regular,1600.0,6400.0,24.0,300.0,-1.8343,4,-1.3437,-0.4906
s7,whisper-base,method_1708,1708,regular,1345.0,4935.0,22.5053,266.9145,-1.8248,5,-1.3437,-0.4811
s7,whisper-base,method_1400_counter,1400,counter,476.0,4150.0,37.4889,771.8487,-1.8216,4,-1.3437,-0.4779
s7,whisper-base,method_1762,1762,regular,1745.0,4935.0,17.9979,182.808,-1.8184,5,-1.3437,-0.4747
s7,whisper-base,method_1627,1627,regular,951.0,7611.0,36.0068,700.3155,-1.7866,6,-1.3437,-0.443
s7,whisper-base,method_1123,1123,regular,238.0,7611.0,59.9886,3097.8992,-1.7606,5,-1.3437,-0.4169
s7,whisper-base,method_1418_counter,1418,counter,519.0,1345.0,16.4856,159.1522,-1.7064,5,-1.3437,-0.3627
s7,whisper-base,method_1710,1710,regular,1345.0,5869.0,25.5061,336.3569,-1.7016,5,-1.3437,-0.3579
s7,whisper-base,method_1301_counter,1301,counter,367.0,4150.0,41.9911,1030.7902,-1.6887,5,-1.3437,-0.345
s7,whisper-base,method_1778,1778,regular,1903.0,4935.0,16.4973,159.3274,-1.6842,3,-1.3437,-0.3405
s7,whisper-base,method_1387_counter,1387,counter,476.0,1345.0,17.9829,182.563,-1.6784,5,-1.3437,-0.3347
s7,whisper-base,method_1709,1709,regular,1345.0,5382.0,24.0064,300.1487,-1.675,5,-1.3437,-0.3313
s7,whisper-base,method_1730,1730,regular,1467.0,6400.0,25.5024,336.2645,-1.6707,5,-1.3437,-0.327
s7,whisper-base,method_1874,1874,regular,3805.0,6979.0,10.5015,83.4166,-1.6508,5,-1.3437,-0.3071
s7,whisper-base,method_1712,1712,regular,1345.0,6979.0,28.505,418.8848,-1.6417,5,-1.3437,-0.298
s7,whisper-base,method_1355_counter,1355,counter,436.0,1345.0,19.5025,208.4862,-1.6186,5,-1.3437,-0.2749
s7,whisper-base,method_1763,1763,regular,1745.0,5382.0,19.499,208.4241,-1.6082,5,-1.3437,-0.2645
s7,whisper-base,method_1577,1577,regular,800.0,6979.0,37.4994,772.375,-1.5953,4,-1.3437,-0.2516
s7,whisper-base,method_1764,1764,regular,1745.0,5869.0,20.9987,236.3324,-1.5882,5,-1.3437,-0.2445
s7,whisper-base,method_1766,1766,regular,1745.0,6979.0,23.9975,299.9427,-1.5565,6,-1.3437,-0.2128
s7,whisper-base,method_1882,1882,regular,4150.0,7611.0,10.4997,83.3976,-1.5443,6,-1.3437,-0.2006
s7,whisper-base,method_1765,1765,regular,1745.0,6400.0,22.4981,266.7622,-1.5425,5,-1.3437,-0.1988
s7,whisper-base,method_1382_counter,1382,counter,476.0,872.0,10.4804,83.1933,-1.5371,4,-1.3437,-0.1934
s7,whisper-base,method_1266_counter,1266,counter,336.0,4150.0,43.5189,1135.119,-1.5271,5,-1.3437,-0.1834
s7,whisper-base,method_1200,1200,regular,283.0,7611.0,56.9905,2589.3993,-1.49,5,-1.3437,-0.1463
s7,whisper-base,method_1144_counter,1144,counter,259.0,1600.0,31.5246,517.7606,-1.4884,5,-1.3437,-0.1447
s7,whisper-base,method_1602,1602,regular,872.0,6979.0,36.0074,700.344,-1.4825,4,-1.3437,-0.1388
s7,whisper-base,method_1825,1825,regular,2468.0,7611.0,19.4969,208.3874,-1.4574,5,-1.3437,-0.1137
s7,whisper-base,method_1105_counter,1105,counter,238.0,1600.0,32.9885,572.2689,-1.4349,4,-1.3437,-0.0912
s7,whisper-base,method_1743,1743,regular,1600.0,4150.0,16.5005,159.375,-1.4129,4,-1.3437,-0.0692
s7,whisper-base,method_1794,1794,regular,2075.0,5382.0,16.5004,159.3735,-1.395,5,-1.3437,-0.0513
s7,whisper-base,method_1443_counter,1443,counter,566.0,872.0,7.4823,54.0636,-1.3879,4,-1.3437,-0.0442
s7,whisper-base,method_1601,1601,regular,872.0,6400.0,34.5081,633.945,-1.3862,4,-1.3437,-0.0425
s7,whisper-base,method_1487_counter,1487,counter,617.0,3200.0,28.4968,418.6386,-1.3816,2,-1.3437,-0.0379
s7,whisper-base,method_1718,1718,regular,1467.0,2263.0,7.5044,54.2604,-1.3803,5,-1.3437,-0.0366
s7,whisper-base,method_1230_counter,1230,counter,308.0,4150.0,45.0253,1247.4026,-1.3786,5,-1.3437,-0.0349
s7,whisper-base,method_1793,1793,regular,2075.0,4935.0,14.9993,137.8313,-1.359,5,-1.3437,-0.0153
s7,whisper-base,method_1565,1565,regular,800.0,2468.0,19.5032,208.5,-1.3519,4,-1.3437,-0.0082
s7,whisper-small,method_1812,1812,regular,2263.0,7611.0,20.9982,236.3235,-3.3269,6,-1.4879,-1.839
s7,whisper-small,method_1578,1578,regular,800.0,7611.0,39.0002,851.375,-3.1318,5,-1.4879,-1.6439
s7,whisper-small,method_1525,1525,regular,673.0,7611.0,41.9929,1030.9064,-3.054,6,-1.4879,-1.5661
s7,whisper-small,method_1882,1882,regular,4150.0,7611.0,10.4997,83.3976,-2.9654,6,-1.4879,-1.4775
s7,whisper-small,method_1552,1552,regular,734.0,7611.0,40.4908,936.921,-2.9346,4,-1.4879,-1.4466
s7,whisper-small,method_1798,1798,regular,2075.0,7611.0,22.4997,266.7952,-2.9191,5,-1.4879,-1.4312
s7,whisper-small,method_1603,1603,regular,872.0,7611.0,37.5082,772.8211,-2.8745,6,-1.4879,-1.3866
s7,whisper-small,method_1627,1627,regular,951.0,7611.0,36.0068,700.3155,-2.8592,6,-1.4879,-1.3712
s7,whisper-small,method_1825,1825,regular,2468.0,7611.0,19.4969,208.3874,-2.8416,5,-1.4879,-1.3537
s7,whisper-small,method_1848,1848,regular,2934.0,7611.0,16.5026,159.407,-2.7168,4,-1.4879,-1.2289
s7,whisper-small,method_1650,1650,regular,1037.0,7611.0,34.508,633.9441,-2.5794,5,-1.4879,-1.0915
s7,whisper-small,method_1750,1750,regular,1600.0,7611.0,27.0002,375.6875,-2.5701,6,-1.4879,-1.0822
s7,whisper-small,method_1875,1875,regular,3805.0,7611.0,12.0023,100.0263,-2.5212,5,-1.4879,-1.0333
s7,whisper-small,method_1713,1713,regular,1345.0,7611.0,30.0058,465.8736,-2.3533,4,-1.4879,-0.8654
s7,whisper-small,method_1767,1767,regular,1745.0,7611.0,25.4983,336.1605,-2.2033,4,-1.4879,-0.7154
s7,whisper-small,method_1273,1273,regular,336.0,7611.0,54.0186,2165.1786,-2.1795,5,-1.4879,-0.6916
s7,whisper-small,method_1783,1783,regular,1903.0,7611.0,23.9977,299.9475,-2.1366,5,-1.4879,-0.6487
s7,whisper-small,method_1200,1200,regular,283.0,7611.0,56.9905,2589.3993,-1.9156,5,-1.4879,-0.4277
s7,whisper-small,method_1116_counter,1116,counter,238.0,4150.0,49.4889,1643.6975,-1.8934,5,-1.4879,-0.4055
s7,whisper-small,method_1105_counter,1105,counter,238.0,1600.0,32.9885,572.2689,-1.7454,4,-1.4879,-0.2575
s7,whisper-small,method_1808,1808,regular,2263.0,5382.0,14.9989,137.8259,-1.7099,5,-1.4879,-0.222
s7,whisper-small,method_1193_counter,1193,counter,283.0,4150.0,46.4908,1366.4311,-1.7057,5,-1.4879,-0.2178
s7,whisper-small,method_1024_counter,1024,counter,200.0,1600.0,36.0,700.0,-1.6956,5,-1.4879,-0.2077
s7,whisper-small,method_1144_counter,1144,counter,259.0,1600.0,31.5246,517.7606,-1.6695,5,-1.4879,-0.1816
s7,whisper-small,method_1155_counter,1155,counter,259.0,4150.0,48.025,1502.3166,-1.6654,4,-1.4879,-0.1774
s7,whisper-small,method_1042,1042,regular,200.0,7611.0,63.0002,3705.5,-1.6155,5,-1.4879,-0.1276
s7,whisper-small,method_1400_counter,1400,counter,476.0,4150.0,37.4889,771.8487,-1.5853,4,-1.4879,-0.0974
s7,whisper-small,method_1743_counter,1743,counter,1600.0,4150.0,16.5005,159.375,-1.5648,2,-1.4879,-0.0769
s7,whisper-small,method_1776_counter,1776,counter,1903.0,4150.0,13.498,118.0767,-1.542,3,-1.4879,-0.0541
s7,whisper-small,method_1101_counter,1101,counter,238.0,1131.0,26.9828,375.2101,-1.5365,3,-1.4879,-0.0486
s7,whisper-small,method_1810,1810,regular,2263.0,6400.0,17.998,182.8104,-1.5272,5,-1.4879,-0.0392
s7,whisper-small,method_1718_counter,1718,counter,1467.0,2263.0,7.5044,54.2604,-1.5222,4,-1.4879,-0.0343
s7,whisper-small,method_1324_counter,1324,counter,400.0,1600.0,24.0,300.0,-1.517,4,-1.4879,-0.0291
s7,whisper-small,method_1323_counter,1323,counter,400.0,1467.0,22.4976,266.75,-1.5113,3,-1.4879,-0.0234
s7,whisper-small,method_1791_counter,1791,counter,2075.0,4150.0,12.0,100.0,-1.5083,3,-1.4879,-0.0204
s7,whisper-small,method_1809,1809,regular,2263.0,5869.0,16.4985,159.346,-1.5045,6,-1.4879,-0.0166
s7,wav2vec2-medium,method_1835,1835,regular,2691.0,6400.0,14.9992,137.8298,-3.7891,4,-2.081,-1.708
s7,wav2vec2-medium,method_1880,1880,regular,4150.0,6400.0,7.4995,54.2169,-3.4033,4,-2.081,-1.3223
s7,wav2vec2-medium,method_1626,1626,regular,951.0,6979.0,34.506,633.8591,-2.9271,4,-2.081,-0.846
s7,wav2vec2-medium,method_1701,1701,regular,1345.0,2691.0,12.0064,100.0743,-2.9232,5,-2.081,-0.8421
s7,wav2vec2-medium,method_1627,1627,regular,951.0,7611.0,36.0068,700.3155,-2.918,6,-2.081,-0.8369
s7,wav2vec2-medium,method_1650,1650,regular,1037.0,7611.0,34.508,633.9441,-2.764,5,-2.081,-0.6829
s7,wav2vec2-medium,method_1843,1843,regular,2934.0,4935.0,9.0022,68.2004,-2.76,4,-2.081,-0.6789
s7,wav2vec2-medium,method_1301_counter,1301,counter,367.0,4150.0,41.9911,1030.7902,-2.6941,5,-2.081,-0.6131
s7,wav2vec2-medium,method_1797,1797,regular,2075.0,6979.0,20.9989,236.3373,-2.6188,5,-2.081,-0.5377
s7,wav2vec2-medium,method_1105_counter,1105,counter,238.0,1600.0,32.9885,572.2689,-2.6008,4,-2.081,-0.5197
s7,wav2vec2-medium,method_1720,1720,regular,1467.0,2691.0,10.5033,83.4356,-2.542,5,-2.081,-0.461
s7,wav2vec2-medium,method_1835_counter,1835,counter,2691.0,6400.0,14.9992,137.8298,-2.5405,1,-2.081,-0.4595
s7,wav2vec2-medium,method_1749,1749,regular,1600.0,6979.0,25.4994,336.1875,-2.5191,4,-2.081,-0.438
s7,wav2vec2-medium,method_1712,1712,regular,1345.0,6979.0,28.505,418.8848,-2.5034,5,-2.081,-0.4223
s7,wav2vec2-medium,method_1266_counter,1266,counter,336.0,4150.0,43.5189,1135.119,-2.4917,5,-2.081,-0.4106
s7,wav2vec2-medium,method_1713,1713,regular,1345.0,7611.0,30.0058,465.8736,-2.4456,4,-2.081,-0.3646
s7,wav2vec2-medium,method_1699,1699,regular,1345.0,2263.0,9.0076,68.2528,-2.4177,4,-2.081,-0.3367
s7,wav2vec2-medium,method_1649,1649,regular,1037.0,6979.0,33.0073,572.999,-2.3918,5,-2.081,-0.3108
s7,wav2vec2-medium,method_1708,1708,regular,1345.0,4935.0,22.5053,266.9145,-2.3892,5,-2.081,-0.3081
s7,wav2vec2-medium,method_1740,1740,regular,1600.0,3200.0,12.0,100.0,-2.3798,5,-2.081,-0.2988
s7,wav2vec2-medium,method_1515_counter,1515,counter,673.0,3200.0,26.9927,375.4829,-2.3147,3,-2.081,-0.2337
s7,wav2vec2-medium,method_1722,1722,regular,1467.0,3200.0,13.5024,118.1322,-2.309,5,-2.081,-0.228
s7,wav2vec2-medium,method_1116,1116,regular,238.0,4150.0,49.4889,1643.6975,-2.2931,2,-2.081,-0.2121
s7,wav2vec2-medium,method_1487_counter,1487,counter,617.0,3200.0,28.4968,418.6386,-2.2654,2,-2.081,-0.1843
s7,wav2vec2-medium,method_1401,1401,regular,476.0,4525.0,38.9866,850.6303,-2.2525,2,-2.081,-0.1714
s7,wav2vec2-medium,method_1738,1738,regular,1600.0,2691.0,9.0008,68.1875,-2.2479,5,-2.081,-0.1668
s7,wav2vec2-medium,method_1848,1848,regular,2934.0,7611.0,16.5026,159.407,-2.2459,4,-2.081,-0.1648
s7,wav2vec2-medium,method_1874,1874,regular,3805.0,6979.0,10.5015,83.4166,-2.2367,5,-2.081,-0.1556
s7,wav2vec2-medium,method_1703_counter,1703,counter,1345.0,3200.0,15.0056,137.9182,-2.1793,3,-2.081,-0.0983
s7,wav2vec2-medium,method_1414,1414,regular,519.0,951.0,10.4845,83.237,-2.177,2,-2.081,-0.096
s7,wav2vec2-medium,method_1710,1710,regular,1345.0,5869.0,25.5061,336.3569,-2.1769,5,-2.081,-0.0959
s7,wav2vec2-medium,method_1568_counter,1568,counter,800.0,3200.0,24.0,300.0,-2.1696,2,-2.081,-0.0886
s7,wav2vec2-medium,method_1744_counter,1744,counter,1600.0,4525.0,17.9982,182.8125,-2.1662,4,-2.081,-0.0852
s7,wav2vec2-medium,method_1621_counter,1621,counter,951.0,4525.0,27.0048,375.8149,-2.1528,3,-2.081,-0.0718
s7,wav2vec2-medium,method_1783_counter,1783,counter,1903.0,7611.0,23.9977,299.9475,-2.1208,2,-2.081,-0.0398
s7,wav2vec2-medium,method_1750,1750,regular,1600.0,7611.0,27.0002,375.6875,-2.1037,6,-2.081,-0.0227
s7,wav2vec2-medium,method_1613,1613,regular,951.0,2263.0,15.0086,137.96,-2.103,5,-2.081,-0.022
s7,wav2vec2-medium,method_1798,1798,regular,2075.0,7611.0,22.4997,266.7952,-2.097,5,-2.081,-0.016
s7,wav2vec2-medium,method_1737,1737,regular,1600.0,2468.0,7.5032,54.25,-2.082,5,-2.081,-0.001
s7,wav2vec2-large,method_1740,1740,regular,1600.0,3200.0,12.0,100.0,-8.0532,5,-7.902,-0.1512
s2,whisper-base,method_1750,1750,regular,1600.0,7611.0,27.0002,375.6875,-2.6459,6,-1.3437,-1.3022
s2,whisper-base,method_1042,1042,regular,200.0,7611.0,63.0002,3705.5,-2.3934,5,-1.3437,-1.0496
s2,whisper-base,method_1767,1767,regular,1745.0,7611.0,25.4983,336.1605,-2.3932,4,-1.3437,-1.0495
s2,whisper-base,method_1713,1713,regular,1345.0,7611.0,30.0058,465.8736,-2.3782,4,-1.3437,-1.0345
s2,whisper-base,method_1783,1783,regular,1903.0,7611.0,23.9977,299.9475,-2.2366,5,-1.3437,-0.8929
s2,whisper-base,method_1603,1603,regular,872.0,7611.0,37.5082,772.8211,-2.1658,6,-1.3437,-0.8221
s2,whisper-base,method_1578,1578,regular,800.0,7611.0,39.0002,851.375,-2.1648,5,-1.3437,-0.8212
s2,whisper-base,method_1875,1875,regular,3805.0,7611.0,12.0023,100.0263,-2.1626,5,-1.3437,-0.8189
s2,whisper-base,method_1744,1744,regular,1600.0,4525.0,17.9982,182.8125,-2.0534,5,-1.3437,-0.7097
s2,whisper-base,method_1747,1747,regular,1600.0,5869.0,22.5005,266.8125,-2.0249,5,-1.3437,-0.6812
s2,whisper-base,method_1746,1746,regular,1600.0,5382.0,21.0008,236.375,-1.9727,5,-1.3437,-0.629
s2,whisper-base,method_1749,1749,regular,1600.0,6979.0,25.4994,336.1875,-1.9625,4,-1.3437,-0.6188
s2,whisper-base,method_1745,1745,regular,1600.0,4935.0,19.4997,208.4375,-1.9501,5,-1.3437,-0.6064
s2,whisper-base,method_1324_counter,1324,counter,400.0,1600.0,24.0,300.0,-1.9396,4,-1.3437,-0.5959
s2,whisper-base,method_1798,1798,regular,2075.0,7611.0,22.4997,266.7952,-1.8839,5,-1.3437,-0.5402
s2,whisper-base,method_1323_counter,1323,counter,400.0,1467.0,22.4976,266.75,-1.8758,3,-1.3437,-0.5321
s2,whisper-base,method_1729,1729,regular,1467.0,5869.0,24.003,300.0682,-1.8593,5,-1.3437,-0.5156
s2,whisper-base,method_1727,1727,regular,1467.0,4935.0,21.0022,236.4008,-1.8577,5,-1.3437,-0.514
s2,whisper-base,method_1748,1748,regular,1600.0,6400.0,24.0,300.0,-1.8343,4,-1.3437,-0.4906
s2,whisper-base,method_1708,1708,regular,1345.0,4935.0,22.5053,266.9145,-1.8248,5,-1.3437,-0.4811
s2,whisper-base,method_1400_counter,1400,counter,476.0,4150.0,37.4889,771.8487,-1.8216,4,-1.3437,-0.4779
s2,whisper-base,method_1762,1762,regular,1745.0,4935.0,17.9979,182.808,-1.8184,5,-1.3437,-0.4747
s2,whisper-base,method_1627,1627,regular,951.0,7611.0,36.0068,700.3155,-1.7866,6,-1.3437,-0.443
s2,whisper-base,method_1123,1123,regular,238.0,7611.0,59.9886,3097.8992,-1.7606,5,-1.3437,-0.4169
s2,whisper-base,method_1418_counter,1418,counter,519.0,1345.0,16.4856,159.1522,-1.7064,5,-1.3437,-0.3627
s2,whisper-base,method_1710,1710,regular,1345.0,5869.0,25.5061,336.3569,-1.7016,5,-1.3437,-0.3579
s2,whisper-base,method_1301_counter,1301,counter,367.0,4150.0,41.9911,1030.7902,-1.6887,5,-1.3437,-0.345
s2,whisper-base,method_1778,1778,regular,1903.0,4935.0,16.4973,159.3274,-1.6842,3,-1.3437,-0.3405
s2,whisper-base,method_1387_counter,1387,counter,476.0,1345.0,17.9829,182.563,-1.6784,5,-1.3437,-0.3347
s2,whisper-base,method_1709,1709,regular,1345.0,5382.0,24.0064,300.1487,-1.675,5,-1.3437,-0.3313
s2,whisper-base,method_1730,1730,regular,1467.0,6400.0,25.5024,336.2645,-1.6707,5,-1.3437,-0.327
s2,whisper-base,method_1874,1874,regular,3805.0,6979.0,10.5015,83.4166,-1.6508,5,-1.3437,-0.3071
s2,whisper-base,method_1712,1712,regular,1345.0,6979.0,28.505,418.8848,-1.6417,5,-1.3437,-0.298
s2,whisper-base,method_1355_counter,1355,counter,436.0,1345.0,19.5025,208.4862,-1.6186,5,-1.3437,-0.2749
s2,whisper-base,method_1763,1763,regular,1745.0,5382.0,19.499,208.4241,-1.6082,5,-1.3437,-0.2645
s2,whisper-base,method_1577,1577,regular,800.0,6979.0,37.4994,772.375,-1.5953,4,-1.3437,-0.2516
s2,whisper-base,method_1764,1764,regular,1745.0,5869.0,20.9987,236.3324,-1.5882,5,-1.3437,-0.2445
s2,whisper-base,method_1766,1766,regular,1745.0,6979.0,23.9975,299.9427,-1.5565,6,-1.3437,-0.2128
s2,whisper-base,method_1882,1882,regular,4150.0,7611.0,10.4997,83.3976,-1.5443,6,-1.3437,-0.2006
s2,whisper-base,method_1765,1765,regular,1745.0,6400.0,22.4981,266.7622,-1.5425,5,-1.3437,-0.1988
s2,whisper-base,method_1382_counter,1382,counter,476.0,872.0,10.4804,83.1933,-1.5371,4,-1.3437,-0.1934
s2,whisper-base,method_1266_counter,1266,counter,336.0,4150.0,43.5189,1135.119,-1.5271,5,-1.3437,-0.1834
s2,whisper-base,method_1200,1200,regular,283.0,7611.0,56.9905,2589.3993,-1.49,5,-1.3437,-0.1463
s2,whisper-base,method_1144_counter,1144,counter,259.0,1600.0,31.5246,517.7606,-1.4884,5,-1.3437,-0.1447
s2,whisper-base,method_1602,1602,regular,872.0,6979.0,36.0074,700.344,-1.4825,4,-1.3437,-0.1388
s2,whisper-base,method_1825,1825,regular,2468.0,7611.0,19.4969,208.3874,-1.4574,5,-1.3437,-0.1137
s2,whisper-base,method_1105_counter,1105,counter,238.0,1600.0,32.9885,572.2689,-1.4349,4,-1.3437,-0.0912
s2,whisper-base,method_1743,1743,regular,1600.0,4150.0,16.5005,159.375,-1.4129,4,-1.3437,-0.0692
s2,whisper-base,method_1794,1794,regular,2075.0,5382.0,16.5004,159.3735,-1.395,5,-1.3437,-0.0513
s2,whisper-base,method_1443_counter,1443,counter,566.0,872.0,7.4823,54.0636,-1.3879,4,-1.3437,-0.0442
s2,whisper-base,method_1601,1601,regular,872.0,6400.0,34.5081,633.945,-1.3862,4,-1.3437,-0.0425
s2,whisper-base,method_1487_counter,1487,counter,617.0,3200.0,28.4968,418.6386,-1.3816,2,-1.3437,-0.0379
s2,whisper-base,method_1718,1718,regular,1467.0,2263.0,7.5044,54.2604,-1.3803,5,-1.3437,-0.0366
s2,whisper-base,method_1230_counter,1230,counter,308.0,4150.0,45.0253,1247.4026,-1.3786,5,-1.3437,-0.0349
s2,whisper-base,method_1793,1793,regular,2075.0,4935.0,14.9993,137.8313,-1.359,5,-1.3437,-0.0153
s2,whisper-base,method_1565,1565,regular,800.0,2468.0,19.5032,208.5,-1.3519,4,-1.3437,-0.0082
s2,whisper-small,method_1812,1812,regular,2263.0,7611.0,20.9982,236.3235,-3.3269,6,-1.4879,-1.839
s2,whisper-small,method_1578,1578,regular,800.0,7611.0,39.0002,851.375,-3.1318,5,-1.4879,-1.6439
s2,whisper-small,method_1525,1525,regular,673.0,7611.0,41.9929,1030.9064,-3.054,6,-1.4879,-1.5661
s2,whisper-small,method_1882,1882,regular,4150.0,7611.0,10.4997,83.3976,-2.9654,6,-1.4879,-1.4775
s2,whisper-small,method_1552,1552,regular,734.0,7611.0,40.4908,936.921,-2.9346,4,-1.4879,-1.4466
s2,whisper-small,method_1798,1798,regular,2075.0,7611.0,22.4997,266.7952,-2.9191,5,-1.4879,-1.4312
s2,whisper-small,method_1603,1603,regular,872.0,7611.0,37.5082,772.8211,-2.8745,6,-1.4879,-1.3866
s2,whisper-small,method_1627,1627,regular,951.0,7611.0,36.0068,700.3155,-2.8592,6,-1.4879,-1.3712
s2,whisper-small,method_1825,1825,regular,2468.0,7611.0,19.4969,208.3874,-2.8416,5,-1.4879,-1.3537
s2,whisper-small,method_1848,1848,regular,2934.0,7611.0,16.5026,159.407,-2.7168,4,-1.4879,-1.2289
s2,whisper-small,method_1650,1650,regular,1037.0,7611.0,34.508,633.9441,-2.5794,5,-1.4879,-1.0915
s2,whisper-small,method_1750,1750,regular,1600.0,7611.0,27.0002,375.6875,-2.5701,6,-1.4879,-1.0822
s2,whisper-small,method_1875,1875,regular,3805.0,7611.0,12.0023,100.0263,-2.5212,5,-1.4879,-1.0333
s2,whisper-small,method_1713,1713,regular,1345.0,7611.0,30.0058,465.8736,-2.3533,4,-1.4879,-0.8654
s2,whisper-small,method_1767,1767,regular,1745.0,7611.0,25.4983,336.1605,-2.2033,4,-1.4879,-0.7154
s2,whisper-small,method_1273,1273,regular,336.0,7611.0,54.0186,2165.1786,-2.1795,5,-1.4879,-0.6916
s2,whisper-small,method_1783,1783,regular,1903.0,7611.0,23.9977,299.9475,-2.1366,5,-1.4879,-0.6487
s2,whisper-small,method_1200,1200,regular,283.0,7611.0,56.9905,2589.3993,-1.9156,5,-1.4879,-0.4277
s2,whisper-small,method_1116_counter,1116,counter,238.0,4150.0,49.4889,1643.6975,-1.8934,5,-1.4879,-0.4055
s2,whisper-small,method_1105_counter,1105,counter,238.0,1600.0,32.9885,572.2689,-1.7454,4,-1.4879,-0.2575
s2,whisper-small,method_1808,1808,regular,2263.0,5382.0,14.9989,137.8259,-1.7099,5,-1.4879,-0.222
s2,whisper-small,method_1193_counter,1193,counter,283.0,4150.0,46.4908,1366.4311,-1.7057,5,-1.4879,-0.2178
s2,whisper-small,method_1024_counter,1024,counter,200.0,1600.0,36.0,700.0,-1.6956,5,-1.4879,-0.2077
s2,whisper-small,method_1144_counter,1144,counter,259.0,1600.0,31.5246,517.7606,-1.6695,5,-1.4879,-0.1816
s2,whisper-small,method_1155_counter,1155,counter,259.0,4150.0,48.025,1502.3166,-1.6654,4,-1.4879,-0.1774
s2,whisper-small,method_1042,1042,regular,200.0,7611.0,63.0002,3705.5,-1.6155,5,-1.4879,-0.1276
s2,whisper-small,method_1400_counter,1400,counter,476.0,4150.0,37.4889,771.8487,-1.5853,4,-1.4879,-0.0974
s2,whisper-small,method_1743_counter,1743,counter,1600.0,4150.0,16.5005,159.375,-1.5648,2,-1.4879,-0.0769
s2,whisper-small,method_1776_counter,1776,counter,1903.0,4150.0,13.498,118.0767,-1.542,3,-1.4879,-0.0541
s2,whisper-small,method_1101_counter,1101,counter,238.0,1131.0,26.9828,375.2101,-1.5365,3,-1.4879,-0.0486
s2,whisper-small,method_1810,1810,regular,2263.0,6400.0,17.998,182.8104,-1.5272,5,-1.4879,-0.0392
s2,whisper-small,method_1718_counter,1718,counter,1467.0,2263.0,7.5044,54.2604,-1.5222,4,-1.4879,-0.0343
s2,whisper-small,method_1324_counter,1324,counter,400.0,1600.0,24.0,300.0,-1.517,4,-1.4879,-0.0291
s2,whisper-small,method_1323_counter,1323,counter,400.0,1467.0,22.4976,266.75,-1.5113,3,-1.4879,-0.0234
s2,whisper-small,method_1791_counter,1791,counter,2075.0,4150.0,12.0,100.0,-1.5083,3,-1.4879,-0.0204
s2,whisper-small,method_1809,1809,regular,2263.0,5869.0,16.4985,159.346,-1.5045,6,-1.4879,-0.0166
s2,wav2vec2-medium,method_1835,1835,regular,2691.0,6400.0,14.9992,137.8298,-3.7891,4,-2.081,-1.708
s2,wav2vec2-medium,method_1880,1880,regular,4150.0,6400.0,7.4995,54.2169,-3.4033,4,-2.081,-1.3223
s2,wav2vec2-medium,method_1626,1626,regular,951.0,6979.0,34.506,633.8591,-2.9271,4,-2.081,-0.846
s2,wav2vec2-medium,method_1701,1701,regular,1345.0,2691.0,12.0064,100.0743,-2.9232,5,-2.081,-0.8421
s2,wav2vec2-medium,method_1627,1627,regular,951.0,7611.0,36.0068,700.3155,-2.918,6,-2.081,-0.8369
s2,wav2vec2-medium,method_1650,1650,regular,1037.0,7611.0,34.508,633.9441,-2.764,5,-2.081,-0.6829
s2,wav2vec2-medium,method_1843,1843,regular,2934.0,4935.0,9.0022,68.2004,-2.76,4,-2.081,-0.6789
s2,wav2vec2-medium,method_1301_counter,1301,counter,367.0,4150.0,41.9911,1030.7902,-2.6941,5,-2.081,-0.6131
s2,wav2vec2-medium,method_1797,1797,regular,2075.0,6979.0,20.9989,236.3373,-2.6188,5,-2.081,-0.5377
s2,wav2vec2-medium,method_1105_counter,1105,counter,238.0,1600.0,32.9885,572.2689,-2.6008,4,-2.081,-0.5197
s2,wav2vec2-medium,method_1720,1720,regular,1467.0,2691.0,10.5033,83.4356,-2.542,5,-2.081,-0.461
s2,wav2vec2-medium,method_1835_counter,1835,counter,2691.0,6400.0,14.9992,137.8298,-2.5405,1,-2.081,-0.4595
s2,wav2vec2-medium,method_1749,1749,regular,1600.0,6979.0,25.4994,336.1875,-2.5191,4,-2.081,-0.438
s2,wav2vec2-medium,method_1712,1712,regular,1345.0,6979.0,28.505,418.8848,-2.5034,5,-2.081,-0.4223
s2,wav2vec2-medium,method_1266_counter,1266,counter,336.0,4150.0,43.5189,1135.119,-2.4917,5,-2.081,-0.4106
s2,wav2vec2-medium,method_1713,1713,regular,1345.0,7611.0,30.0058,465.8736,-2.4456,4,-2.081,-0.3646
s2,wav2vec2-medium,method_1699,1699,regular,1345.0,2263.0,9.0076,68.2528,-2.4177,4,-2.081,-0.3367
s2,wav2vec2-medium,method_1649,1649,regular,1037.0,6979.0,33.0073,572.999,-2.3918,5,-2.081,-0.3108
s2,wav2vec2-medium,method_1708,1708,regular,1345.0,4935.0,22.5053,266.9145,-2.3892,5,-2.081,-0.3081
s2,wav2vec2-medium,method_1740,1740,regular,1600.0,3200.0,12.0,100.0,-2.3798,5,-2.081,-0.2988
s2,wav2vec2-medium,method_1515_counter,1515,counter,673.0,3200.0,26.9927,375.4829,-2.3147,3,-2.081,-0.2337
s2,wav2vec2-medium,method_1722,1722,regular,1467.0,3200.0,13.5024,118.1322,-2.309,5,-2.081,-0.228
s2,wav2vec2-medium,method_1116,1116,regular,238.0,4150.0,49.4889,1643.6975,-2.2931,2,-2.081,-0.2121
s2,wav2vec2-medium,method_1487_counter,1487,counter,617.0,3200.0,28.4968,418.6386,-2.2654,2,-2.081,-0.1843
s2,wav2vec2-medium,method_1401,1401,regular,476.0,4525.0,38.9866,850.6303,-2.2525,2,-2.081,-0.1714
s2,wav2vec2-medium,method_1738,1738,regular,1600.0,2691.0,9.0008,68.1875,-2.2479,5,-2.081,-0.1668
s2,wav2vec2-medium,method_1848,1848,regular,2934.0,7611.0,16.5026,159.407,-2.2459,4,-2.081,-0.1648
s2,wav2vec2-medium,method_1874,1874,regular,3805.0,6979.0,10.5015,83.4166,-2.2367,5,-2.081,-0.1556
s2,wav2vec2-medium,method_1703_counter,1703,counter,1345.0,3200.0,15.0056,137.9182,-2.1793,3,-2.081,-0.0983
s2,wav2vec2-medium,method_1414,1414,regular,519.0,951.0,10.4845,83.237,-2.177,2,-2.081,-0.096
s2,wav2vec2-medium,method_1710,1710,regular,1345.0,5869.0,25.5061,336.3569,-2.1769,5,-2.081,-0.0959
s2,wav2vec2-medium,method_1568_counter,1568,counter,800.0,3200.0,24.0,300.0,-2.1696,2,-2.081,-0.0886
s2,wav2vec2-medium,method_1744_counter,1744,counter,1600.0,4525.0,17.9982,182.8125,-2.1662,4,-2.081,-0.0852
s2,wav2vec2-medium,method_1621_counter,1621,counter,951.0,4525.0,27.0048,375.8149,-2.1528,3,-2.081,-0.0718
s2,wav2vec2-medium,method_1783_counter,1783,counter,1903.0,7611.0,23.9977,299.9475,-2.1208,2,-2.081,-0.0398
s2,wav2vec2-medium,method_1750,1750,regular,1600.0,7611.0,27.0002,375.6875,-2.1037,6,-2.081,-0.0227
s2,wav2vec2-medium,method_1613,1613,regular,951.0,2263.0,15.0086,137.96,-2.103,5,-2.081,-0.022
s2,wav2vec2-medium,method_1798,1798,regular,2075.0,7611.0,22.4997,266.7952,-2.097,5,-2.081,-0.016
s2,wav2vec2-medium,method_1737,1737,regular,1600.0,2468.0,7.5032,54.25,-2.082,5,-2.081,-0.001
s2,wav2vec2-large,method_1740,1740,regular,1600.0,3200.0,12.0,100.0,-8.0532,5,-7.902,-0.1512
