pair_id,n_agree_regular,mean_uv_regular,n_agree_counter,mean_uv_counter,n_agree_max,n_agree_min,n_agree_gap
1001,1,-1.0456,2,-1.549,2,1,1
1002,0,,2,-1.4223,2,0,2
1003,1,-1.7196,2,-1.7302,2,1,1
1004,1,-1.759,3,-1.974,3,1,2
1005,2,-1.4462,4,-1.8703,4,2,2
1006,3,-1.1038,4,-2.1546,4,3,1
1007,2,-1.356,3,-2.1016,3,2,1
1008,2,-1.5781,2,-2.1789,2,2,0
1009,2,-1.2865,2,-3.3395,2,2,0
1010,3,-1.3521,3,-2.9328,3,3,0
1011,2,-1.3754,3,-2.1645,3,2,1
1012,2,-1.1236,3,-1.8951,3,2,1
1013,2,-1.3516,3,-1.1686,3,2,1
1014,2,-1.3949,1,-1.0722,2,1,1
1015,2,-1.4541,2,-1.4943,2,2,0
1016,1,-1.9886,2,-1.8906,2,1,1
1017,1,-1.4954,3,-1.3858,3,1,2
1018,1,-0.8756,2,-1.7595,2,1,1
1019,2,-2.1126,4,-1.4689,4,2,2
1020,4,-1.5776,3,-1.4165,4,3,1
1021,4,-1.607,2,-1.3629,4,2,2
1022,3,-1.5814,3,-2.1254,3,3,0
1023,3,-1.9753,4,-1.6714,4,3,1
1024,2,-1.2315,6,-1.6074,6,2,4
1025,3,-1.1491,4,-1.4242,4,3,1
1026,2,-1.176,3,-1.5323,3,2,1
1027,3,-1.8209,2,-1.2125,3,2,1
1028,4,-1.9481,3,-1.245,4,3,1
1029,3,-1.3021,3,-1.2999,3,3,0
1030,4,-1.6047,4,-1.0536,4,4,0
1031,2,-1.9164,3,-1.8429,3,2,1
1032,5,-2.6257,4,-1.2918,5,4,1
1033,2,-2.3342,3,-1.2494,3,2,1
1034,3,-1.2469,5,-1.7446,5,3,2
1035,3,-1.3884,3,-2.169,3,3,0
1036,3,-2.0164,4,-2.3601,4,3,1
1037,3,-1.6725,2,-1.3136,3,2,1
1038,2,-1.9204,3,-1.9944,3,2,1
1039,3,-1.4108,3,-1.3115,3,3,0
1040,2,-1.7732,2,-1.9508,2,2,0
1041,3,-1.7151,1,-1.2169,3,1,2
1042,6,-1.3221,3,-1.8436,6,3,3
1043,0,,2,-1.7779,2,0,2
1044,2,-1.1922,2,-1.6422,2,2,0
1045,1,-1.4066,3,-1.7824,3,1,2
1046,1,-1.7962,3,-2.7751,3,1,2
1047,2,-1.1294,2,-2.4874,2,2,0
1048,3,-1.3293,2,-2.3178,3,2,1
1049,3,-1.1713,3,-2.4589,3,3,0
1050,2,-1.2443,3,-2.0529,3,2,1
1051,3,-1.3386,3,-2.0794,3,3,0
1052,3,-1.2968,2,-1.9234,3,2,1
1053,3,-1.191,2,-1.8074,3,2,1
1054,2,-1.4759,2,-1.6301,2,2,0
1055,1,-1.6297,1,-1.2353,1,1,0
1056,1,-1.5967,1,-0.9417,1,1,0
1057,1,-1.8372,4,-1.7196,4,1,3
1058,3,-1.0905,2,-1.4903,3,2,1
1059,3,-1.1774,2,-2.1321,3,2,1
1060,3,-2.0543,3,-1.9839,3,3,0
1061,4,-1.6509,2,-1.5371,4,2,2
1062,4,-1.7483,2,-1.7939,4,2,2
1063,4,-1.8903,3,-1.7718,4,3,1
1064,4,-1.4739,4,-1.3646,4,4,0
1065,2,-1.1206,4,-2.8227,4,2,2
1066,3,-1.9756,6,-1.9867,6,3,3
1067,2,-2.6073,3,-1.3172,3,2,1
1068,2,-2.0262,2,-1.1732,2,2,0
1069,3,-2.8712,4,-2.1582,4,3,1
1070,2,-1.4646,1,-1.2863,2,1,1
1071,3,-2.2714,3,-1.0225,3,3,0
1072,3,-1.298,4,-1.6344,4,3,1
1073,4,-1.1534,5,-1.2723,5,4,1
1074,3,-1.1966,4,-1.602,4,3,1
1075,3,-1.4019,4,-1.5167,4,3,1
1076,1,-1.8697,3,-1.7204,3,1,2
1077,4,-1.5889,4,-2.2842,4,4,0
1078,3,-1.2938,1,-1.361,3,1,2
1079,2,-1.7971,3,-1.8047,3,2,1
1080,3,-1.5586,2,-1.0457,3,2,1
1081,2,-1.1468,2,-1.4123,2,2,0
1082,2,-1.7379,0,,2,0,2
1083,4,-1.4858,2,-1.3421,4,2,2
1084,2,-1.4052,1,-1.6649,2,1,1
1085,1,-1.2297,1,-1.971,1,1,0
1086,1,-1.4764,2,-2.5997,2,1,1
1087,3,-1.3122,3,-2.0347,3,3,0
1088,1,-1.2224,2,-2.3403,2,1,1
1089,3,-1.4054,3,-2.1967,3,3,0
1090,3,-1.1926,3,-2.1172,3,3,0
1091,4,-1.3408,3,-2.5774,4,3,1
1092,3,-1.734,3,-1.9056,3,3,0
1093,4,-1.8355,3,-1.6798,4,3,1
1094,3,-1.4793,2,-1.4486,3,2,1
1095,2,-1.7625,1,-1.6631,2,1,1
1096,2,-1.6844,2,-1.4023,2,2,0
1097,3,-1.5093,4,-1.5342,4,3,1
1098,2,-2.2554,3,-1.6528,3,2,1
1099,4,-1.274,3,-1.7198,4,3,1
1100,4,-1.8962,3,-1.2259,4,3,1
1101,5,-1.4291,3,-1.3282,5,3,2
1102,4,-2.3371,2,-1.2639,4,2,2
1103,4,-1.7596,4,-1.7355,4,4,0
1104,3,-1.2521,4,-1.6176,4,3,1
1105,1,-0.8781,5,-1.743,5,1,4
1106,3,-1.4603,6,-1.2006,6,3,3
1107,2,-2.2854,3,-1.2027,3,2,1
1108,3,-2.6002,3,-1.343,3,3,0
1109,2,-3.9588,2,-1.3606,2,2,0
1110,3,-2.2255,1,-1.3149,3,1,2
1111,2,-3.8985,3,-1.3879,3,2,1
1112,2,-2.2859,4,-1.7499,4,2,2
1113,2,-5.0691,4,-1.5325,4,2,2
1114,2,-1.7431,3,-1.4472,3,2,1
1115,1,-1.3988,4,-1.4903,4,1,3
1116,3,-1.7545,5,-1.7915,5,3,2
1117,4,-1.7362,4,-1.6606,4,4,0
1118,3,-1.7341,2,-1.1264,3,2,1
1119,3,-1.3471,3,-1.8479,3,3,0
1120,2,-2.3016,2,-1.1596,2,2,0
1121,2,-1.4673,1,-1.0367,2,1,1
1122,3,-1.6968,0,,3,0,3
1123,5,-1.7696,0,,5,0,5
1124,0,,1,-2.3697,1,0,1
1125,1,-0.9098,2,-1.5769,2,1,1
1126,2,-1.0442,1,-2.5465,2,1,1
1127,2,-1.2575,1,-3.2135,2,1,1
1128,2,-1.296,3,-2.4207,3,2,1
1129,3,-1.4667,3,-2.4492,3,3,0
1130,4,-1.4156,2,-3.0079,4,2,2
1131,2,-1.1411,2,-1.9515,2,2,0
1132,4,-1.1743,2,-1.7768,4,2,2
1133,3,-1.345,2,-1.3987,3,2,1
1134,2,-1.564,1,-1.6367,2,1,1
1135,4,-1.306,1,-1.4564,4,1,3
1136,3,-1.3194,5,-1.713,5,3,2
1137,4,-1.5078,4,-1.5384,4,4,0
1138,3,-1.3013,3,-1.3689,3,3,0
1139,3,-1.6885,4,-1.4304,4,3,1
1140,3,-1.7078,2,-1.6177,3,2,1
1141,4,-1.6829,2,-1.3202,4,2,2
1142,3,-1.689,3,-1.8902,3,3,0
1143,2,-1.7714,4,-1.5327,4,2,2
1144,1,-0.9743,5,-1.8755,5,1,4
1145,2,-1.0783,5,-1.3347,5,2,3
1146,2,-1.3601,3,-1.421,3,2,1
1147,1,-1.4482,2,-1.1822,2,1,1
1148,3,-2.9123,2,-1.2704,3,2,1
1149,3,-1.3297,1,-1.1652,3,1,2
1150,2,-3.0312,3,-1.1271,3,2,1
1151,2,-1.9812,4,-1.785,4,2,2
1152,3,-2.0045,4,-1.4083,4,3,1
1153,2,-1.1201,4,-1.2402,4,2,2
1154,1,-1.1279,4,-1.4994,4,1,3
1155,1,-1.7368,5,-1.4108,5,1,4
1156,3,-1.0827,3,-1.3681,3,3,0
1157,2,-1.498,2,-1.8596,2,2,0
1158,2,-1.346,1,-1.4614,2,1,1
1159,2,-2.5377,1,-1.1746,2,1,1
1160,2,-0.965,2,-0.9181,2,2,0
1161,3,-1.2285,1,-3.128,3,1,2
1162,4,-1.5841,2,-1.1342,4,2,2
1163,0,,3,-1.3114,3,0,3
1164,1,-2.0342,4,-1.046,4,1,3
1165,2,-1.1363,3,-1.5979,3,2,1
1166,4,-1.6126,1,-2.3787,4,1,3
1167,3,-1.3609,2,-2.0629,3,2,1
1168,3,-1.9144,2,-2.301,3,2,1
1169,2,-1.8798,2,-2.2256,2,2,0
1170,4,-1.8254,3,-1.6514,4,3,1
1171,3,-1.7874,1,-0.7624,3,1,2
1172,3,-2.2765,1,-1.924,3,1,2
1173,3,-2.4752,1,-1.5811,3,1,2
1174,3,-2.1645,5,-1.6342,5,3,2
1175,3,-2.4481,2,-2.0371,3,2,1
1176,3,-2.0385,3,-1.4868,3,3,0
1177,3,-2.4039,2,-1.3048,3,2,1
1178,4,-2.1079,1,-1.0778,4,1,3
1179,3,-1.7921,3,-1.151,3,3,0
1180,3,-2.4536,3,-2.5411,3,3,0
1181,3,-2.5152,3,-1.312,3,3,0
1182,1,-1.8312,4,-1.6776,4,1,3
1183,3,-1.2064,5,-1.2486,5,3,2
1184,3,-1.7008,3,-1.2678,3,3,0
1185,2,-1.8614,2,-1.0023,2,2,0
1186,3,-4.1995,2,-1.1112,3,2,1
1187,3,-2.5416,1,-0.8736,3,1,2
1188,2,-3.4886,2,-0.822,2,2,0
1189,2,-3.2578,4,-1.5196,4,2,2
1190,2,-4.6433,4,-1.3908,4,2,2
1191,2,-2.4975,3,-1.2534,3,2,1
1192,1,-1.3198,4,-1.523,4,1,3
1193,3,-1.6852,5,-1.4944,5,3,2
1194,2,-1.029,2,-1.2806,2,2,0
1195,4,-1.4094,1,-1.1242,4,1,3
1196,2,-2.2986,2,-1.5149,2,2,0
1197,3,-2.0938,1,-0.7536,3,1,2
1198,1,-2.3871,1,-1.0191,1,1,0
1199,4,-1.2915,1,-0.7702,4,1,3
1200,5,-1.3578,2,-1.1212,5,2,3
1201,1,-1.3093,2,-1.8809,2,1,1
1202,1,-0.9273,2,-1.3217,2,1,1
1203,4,-1.4983,2,-1.047,4,2,2
1204,3,-1.1504,3,-1.498,3,3,0
1205,3,-1.8809,3,-1.5754,3,3,0
1206,2,-1.8345,3,-1.5481,3,2,1
1207,3,-1.9222,3,-1.2581,3,3,0
1208,3,-1.6649,2,-1.0062,3,2,1
1209,3,-1.8106,1,-1.0088,3,1,2
1210,3,-1.8567,2,-1.5546,3,2,1
1211,3,-2.0436,4,-1.5067,4,3,1
1212,3,-2.3619,3,-1.8793,3,3,0
1213,2,-1.9555,2,-1.4564,2,2,0
1214,4,-1.6951,2,-1.3981,4,2,2
1215,3,-1.7287,3,-0.9023,3,3,0
1216,3,-2.009,2,-1.0783,3,2,1
1217,3,-2.6069,3,-2.0913,3,3,0
1218,3,-2.1329,3,-1.4848,3,3,0
1219,1,-0.9312,4,-2.1182,4,1,3
1220,2,-2.2116,3,-1.1328,3,2,1
1221,1,-0.8817,3,-1.202,3,1,2
1222,2,-2.4123,2,-0.9544,2,2,0
1223,3,-3.7548,2,-0.9539,3,2,1
1224,3,-3.3299,1,-0.7858,3,1,2
1225,2,-3.0657,1,-1.3112,2,1,1
1226,2,-2.2494,3,-1.98,3,2,1
1227,2,-5.8214,3,-1.6357,3,2,1
1228,2,-1.7885,3,-1.2068,3,2,1
1229,1,-1.6319,4,-1.475,4,1,3
1230,2,-2.0195,5,-1.8933,5,2,3
1231,2,-0.8379,4,-1.4152,4,2,2
1232,3,-1.4051,1,-1.1446,3,1,2
1233,2,-1.9497,2,-1.5388,2,2,0
1234,1,-2.8616,2,-1.0413,2,1,1
1235,2,-1.5793,1,-2.2615,2,1,1
1236,2,-1.0613,1,-0.9029,2,1,1
1237,4,-2.2404,1,-0.9171,4,1,3
1238,1,-1.3352,0,,1,0,1
1239,3,-1.2477,1,-2.4913,3,1,2
1240,2,-1.1692,3,-0.9461,3,2,1
1241,2,-1.2705,2,-1.5178,2,2,0
1242,2,-1.1938,2,-1.565,2,2,0
1243,3,-1.2539,2,-1.2213,3,2,1
1244,2,-1.4822,2,-0.8874,2,2,0
1245,2,-1.7187,2,-0.904,2,2,0
1246,2,-1.7323,1,-0.8966,2,1,1
1247,3,-1.3452,3,-2.5168,3,3,0
1248,2,-2.221,3,-1.2503,3,2,1
1249,1,-3.5562,3,-1.4088,3,1,2
1250,2,-2.5725,1,-1.2688,2,1,1
1251,2,-2.4598,1,-1.0676,2,1,1
1252,3,-1.9943,2,-1.0467,3,2,1
1253,2,-2.4218,3,-2.1732,3,2,1
1254,2,-2.0474,2,-1.4632,2,2,0
1255,1,-2.1862,3,-1.7891,3,1,2
1256,2,-1.4124,2,-1.2416,2,2,0
1257,2,-1.1995,2,-0.9947,2,2,0
1258,3,-2.2248,2,-1.0687,3,2,1
1259,3,-3.5031,2,-0.9168,3,2,1
1260,3,-2.83,0,,3,0,3
1261,2,-3.3228,2,-0.9899,2,2,0
1262,2,-2.0674,3,-2.1597,3,2,1
1263,3,-2.8256,4,-1.8378,4,3,1
1264,2,-2.0484,2,-1.637,2,2,0
1265,2,-2.0144,3,-1.6634,3,2,1
1266,2,-1.5332,5,-2.066,5,2,3
1267,1,-2.0733,3,-1.6971,3,1,2
1268,1,-1.9923,2,-1.1273,2,1,1
1269,2,-1.7108,1,-1.5878,2,1,1
1270,1,-1.1488,1,-1.1208,1,1,0
1271,1,-1.7699,3,-1.0519,3,1,2
1272,2,-1.452,1,-1.1944,2,1,1
1273,5,-1.8137,0,,5,0,5
1274,3,-1.1504,2,-1.9555,3,2,1
1275,1,-1.4128,1,-2.9266,1,1,0
1276,2,-0.9533,2,-0.8914,2,2,0
1277,1,-1.4982,2,-0.8601,2,1,1
1278,2,-1.234,1,-0.754,2,1,1
1279,1,-2.3659,2,-0.8434,2,1,1
1280,2,-1.7426,3,-0.9279,3,2,1
1281,2,-1.663,2,-1.5257,2,2,0
1282,2,-1.7584,4,-1.7871,4,2,2
1283,1,-3.403,4,-1.4793,4,1,3
1284,1,-3.9282,2,-1.6332,2,1,1
1285,2,-2.9777,3,-1.642,3,2,1
1286,1,-3.8286,2,-1.4614,2,1,1
1287,2,-2.7705,2,-1.208,2,2,0
1288,2,-3.1971,3,-1.8609,3,2,1
1289,2,-2.59,3,-1.3503,3,2,1
1290,1,-2.8555,3,-1.6631,3,1,2
1291,2,-1.8757,4,-1.6725,4,2,2
1292,2,-1.5986,2,-1.3162,2,2,0
1293,2,-2.3059,2,-1.2687,2,2,0
1294,3,-3.1248,2,-1.1782,3,2,1
1295,2,-2.1843,1,-0.8471,2,1,1
1296,3,-3.0114,3,-1.171,3,3,0
1297,2,-1.9947,3,-1.8386,3,2,1
1298,2,-3.4634,4,-1.7012,4,2,2
1299,2,-2.0186,2,-1.8258,2,2,0
1300,1,-2.5955,2,-2.1643,2,1,1
1301,3,-1.9442,5,-1.8755,5,3,2
1302,1,-2.578,4,-1.477,4,1,3
1303,2,-1.6294,1,-1.63,2,1,1
1304,2,-1.5329,2,-1.8994,2,2,0
1305,1,-2.1041,2,-1.4885,2,1,1
1306,2,-1.6347,2,-1.4323,2,2,0
1307,3,-1.437,1,-1.4471,3,1,2
1308,3,-2.2923,0,,3,0,3
1309,1,-0.8924,3,-1.5297,3,1,2
1310,1,-2.0473,4,-1.0925,4,1,3
1311,1,-1.0208,4,-1.2037,4,1,3
1312,1,-2.1583,2,-1.1915,2,1,1
1313,3,-1.7053,3,-1.1414,3,3,0
1314,1,-1.0405,4,-1.2148,4,1,3
1315,2,-2.2606,4,-1.5905,4,2,2
1316,2,-1.6618,4,-1.4361,4,2,2
1317,2,-1.5501,4,-1.5605,4,2,2
1318,2,-1.5496,6,-1.3576,6,2,4
1319,2,-2.0879,4,-1.1618,4,2,2
1320,2,-2.066,3,-0.993,3,2,1
1321,2,-2.0331,3,-1.2324,3,2,1
1322,3,-1.8181,4,-1.4203,4,3,1
1323,3,-1.9763,5,-1.2765,5,3,2
1324,2,-1.1593,5,-2.0279,5,2,3
1325,2,-1.7742,4,-1.486,4,2,2
1326,2,-1.8879,4,-1.378,4,2,2
1327,3,-2.5384,3,-1.5202,3,3,0
1328,3,-3.9554,4,-1.3617,4,3,1
1329,3,-2.4283,2,-1.1529,3,2,1
1330,3,-2.759,2,-1.504,3,2,1
1331,3,-3.2321,3,-1.9862,3,3,0
1332,3,-2.2265,3,-1.8682,3,3,0
1333,2,-2.6645,3,-1.6403,3,2,1
1334,1,-2.4658,4,-2.0024,4,1,3
1335,2,-1.5124,4,-1.7753,4,2,2
1336,2,-2.0358,4,-1.3125,4,2,2
1337,2,-1.6663,1,-1.761,2,1,1
1338,3,-1.7361,1,-1.8996,3,1,2
1339,3,-1.2212,2,-2.0579,3,2,1
1340,1,-1.3241,1,-1.8277,1,1,0
1341,2,-1.6827,1,-1.9684,2,1,1
1342,4,-2.3561,3,-1.0774,4,3,1
1343,1,-1.7998,1,-1.1168,1,1,0
1344,2,-1.2821,0,,2,0,2
1345,3,-1.5177,0,,3,0,3
1346,3,-1.7648,2,-1.1811,3,2,1
1347,4,-1.5381,2,-1.5593,4,2,2
1348,4,-1.5159,4,-1.4977,4,4,0
1349,4,-1.521,3,-1.8502,4,3,1
1350,3,-1.5429,3,-1.1873,3,3,0
1351,2,-2.5368,4,-1.1303,4,2,2
1352,2,-3.0919,3,-1.0708,3,2,1
1353,2,-2.3966,1,-1.2909,2,1,1
1354,2,-2.8525,3,-1.2683,3,2,1
1355,4,-2.4009,5,-1.411,5,4,1
1356,4,-2.3956,4,-1.5674,4,4,0
1357,2,-2.3757,4,-1.4688,4,2,2
1358,4,-1.5189,2,-1.737,4,2,2
1359,2,-1.9602,2,-1.4044,2,2,0
1360,3,-2.5472,2,-1.4695,3,2,1
1361,3,-3.168,1,-1.3762,3,1,2
1362,3,-2.7978,2,-1.234,3,2,1
1363,3,-3.0008,4,-2.0217,4,3,1
1364,2,-2.182,3,-2.1279,3,2,1
1365,3,-2.2021,3,-1.9587,3,3,0
1366,4,-1.7922,2,-1.5927,4,2,2
1367,3,-1.8748,3,-1.7793,3,3,0
1368,3,-2.3723,4,-1.8362,4,3,1
1369,2,-2.4268,4,-1.4442,4,2,2
1370,4,-2.3167,1,-1.6074,4,1,3
1371,3,-1.9722,2,-1.2116,3,2,1
1372,4,-1.9766,2,-1.5763,4,2,2
1373,2,-1.965,2,-1.7254,2,2,0
1374,2,-2.7536,1,-1.8109,2,1,1
1375,3,-2.6122,1,-0.8445,3,1,2
1376,2,-0.9983,1,-1.9062,2,1,1
1377,2,-1.2079,0,,2,0,2
1378,2,-1.7509,1,-0.8575,2,1,1
1379,3,-1.5602,3,-1.0227,3,3,0
1380,3,-1.7906,4,-1.2467,4,3,1
1381,3,-1.6569,2,-2.2304,3,2,1
1382,2,-1.961,5,-1.1138,5,2,3
1383,2,-2.4387,5,-1.1664,5,2,3
1384,2,-2.5751,3,-1.7595,3,2,1
1385,2,-3.0449,2,-1.1385,2,2,0
1386,3,-2.2831,3,-1.2694,3,3,0
1387,3,-2.3018,5,-1.7164,5,3,2
1388,4,-2.3143,4,-1.3797,4,4,0
1389,3,-2.197,4,-1.5573,4,3,1
1390,3,-2.1361,2,-1.7602,3,2,1
1391,2,-1.9245,3,-1.6867,3,2,1
1392,2,-3.3214,2,-1.5192,2,2,0
1393,2,-2.77,2,-1.0846,2,2,0
1394,4,-2.0648,2,-1.2742,4,2,2
1395,3,-2.0473,3,-1.5058,3,3,0
1396,4,-2.9559,3,-1.9787,4,3,1
1397,4,-3.5231,3,-1.6822,4,3,1
1398,3,-1.9914,3,-1.433,3,3,0
1399,3,-1.9057,4,-1.8873,4,3,1
1400,2,-2.1003,5,-1.439,5,2,3
1401,3,-1.9363,5,-1.5678,5,3,2
1402,3,-2.2022,1,-1.3488,3,1,2
1403,3,-1.6903,3,-1.3852,3,3,0
1404,3,-1.502,2,-1.7938,3,2,1
1405,4,-1.3796,1,-1.5539,4,1,3
1406,2,-2.5995,2,-1.2819,2,2,0
1407,4,-2.5525,3,-1.8319,4,3,1
1408,2,-1.4139,1,-0.7889,2,1,1
1409,3,-1.8905,0,,3,0,3
1410,4,-1.5213,1,-0.8593,4,1,3
1411,4,-1.5434,4,-1.2865,4,4,0
1412,4,-1.2889,4,-1.544,4,4,0
1413,3,-1.6842,4,-1.2728,4,3,1
1414,2,-1.8256,5,-1.4917,5,2,3
1415,3,-1.8416,2,-1.46,3,2,1
1416,2,-1.8253,1,-1.3943,2,1,1
1417,3,-1.6769,2,-1.2186,3,2,1
1418,4,-1.9339,5,-1.3999,5,4,1
1419,3,-1.7011,4,-1.4058,4,3,1
1420,3,-1.8044,3,-1.553,3,3,0
1421,3,-1.2617,3,-1.4561,3,3,0
1422,2,-1.6294,2,-1.329,2,2,0
1423,3,-2.0371,2,-1.5616,3,2,1
1424,4,-2.1548,1,-1.475,4,1,3
1425,4,-1.9737,1,-1.5926,4,1,3
1426,3,-2.4757,2,-1.3852,3,2,1
1427,3,-1.9181,3,-2.0525,3,3,0
1428,4,-1.7616,3,-1.6346,4,3,1
1429,3,-1.5179,4,-1.2796,4,3,1
1430,3,-1.6563,3,-2.0303,3,3,0
1431,3,-1.9155,4,-1.4004,4,3,1
1432,2,-1.6853,5,-1.3595,5,2,3
1433,4,-1.593,3,-1.0698,4,3,1
1434,2,-1.9906,3,-1.2917,3,2,1
1435,4,-1.418,2,-1.2992,4,2,2
1436,3,-1.4896,2,-1.345,3,2,1
1437,2,-2.1609,2,-2.191,2,2,0
1438,4,-2.4557,3,-2.6169,4,3,1
1439,1,-1.0004,0,,1,0,1
1440,1,-1.2894,2,-0.898,2,1,1
1441,3,-1.2023,3,-1.3224,3,3,0
1442,3,-0.9542,3,-2.1466,3,3,0
1443,3,-0.934,5,-1.2206,5,3,2
1444,3,-1.4246,4,-1.5344,4,3,1
1445,3,-1.8793,2,-1.6265,3,2,1
1446,3,-1.3582,2,-1.0112,3,2,1
1447,3,-1.8192,2,-1.1018,3,2,1
1448,3,-1.6839,4,-1.3645,4,3,1
1449,4,-1.3876,3,-1.3516,4,3,1
1450,3,-1.6219,3,-1.4246,3,3,0
1451,3,-1.3392,3,-1.4689,3,3,0
1452,3,-1.4836,2,-1.3583,3,2,1
1453,3,-1.8569,2,-1.4118,3,2,1
1454,4,-1.5951,2,-1.0457,4,2,2
1455,3,-1.9756,3,-1.1177,3,3,0
1456,3,-2.5412,3,-1.5375,3,3,0
1457,3,-2.5317,3,-1.9202,3,3,0
1458,4,-1.7398,2,-1.8767,4,2,2
1459,3,-2.1086,3,-1.5156,3,3,0
1460,2,-1.9253,4,-1.727,4,2,2
1461,2,-1.6907,4,-1.6827,4,2,2
1462,2,-1.6909,4,-1.54,4,2,2
1463,3,-1.574,2,-1.2439,3,2,1
1464,4,-2.6445,1,-1.4133,4,1,3
1465,4,-1.2688,2,-1.3146,4,2,2
1466,3,-1.4639,3,-1.5049,3,3,0
1467,3,-1.7164,2,-2.3118,3,2,1
1468,4,-2.356,3,-2.7368,4,3,1
1469,0,,2,-1.2155,2,0,2
1470,1,-1.0932,2,-1.3784,2,1,1
1471,2,-1.6183,2,-1.7722,2,2,0
1472,1,-1.6007,4,-1.1515,4,1,3
1473,1,-1.8734,3,-1.3949,3,1,2
1474,3,-1.5083,1,-1.5199,3,1,2
1475,1,-1.9389,2,-0.844,2,1,1
1476,4,-1.7019,2,-0.8213,4,2,2
1477,3,-1.4225,2,-2.7371,3,2,1
1478,3,-1.8253,2,-1.2319,3,2,1
1479,1,-0.8788,3,-1.3828,3,1,2
1480,2,-1.136,4,-1.8072,4,2,2
1481,3,-1.3156,2,-1.4691,3,2,1
1482,3,-1.2246,2,-1.4232,3,2,1
1483,2,-1.8625,1,-1.5739,2,1,1
1484,3,-1.9056,3,-0.8261,3,3,0
1485,3,-2.1367,2,-1.2239,3,2,1
1486,3,-1.5296,3,-1.988,3,3,0
1487,5,-1.6138,2,-1.9285,5,2,3
1488,3,-1.19,2,-1.7608,3,2,1
1489,2,-1.4352,4,-1.5333,4,2,2
1490,3,-1.637,4,-1.6154,4,3,1
1491,3,-1.1695,2,-2.1368,3,2,1
1492,3,-1.2565,1,-1.541,3,1,2
1493,2,-1.2303,2,-1.4601,2,2,0
1494,3,-2.0252,2,-2.2184,3,2,1
1495,3,-1.6452,2,-1.9361,3,2,1
1496,4,-1.4268,2,-1.761,4,2,2
1497,4,-2.3091,3,-2.652,4,3,1
1498,2,-1.6898,1,-1.0509,2,1,1
1499,2,-1.8279,1,-1.9184,2,1,1
1500,1,-1.1591,4,-1.276,4,1,3
1501,2,-1.5048,3,-1.3578,3,2,1
1502,3,-1.7668,2,-1.2355,3,2,1
1503,3,-1.716,1,-1.2521,3,1,2
1504,5,-1.8914,2,-1.0799,5,2,3
1505,4,-1.5933,4,-1.9283,4,4,0
1506,4,-1.4559,3,-1.4775,4,3,1
1507,2,-1.7748,4,-1.626,4,2,2
1508,2,-1.3041,3,-3.1956,3,2,1
1509,3,-1.5066,2,-1.6088,3,2,1
1510,3,-1.4038,1,-2.3176,3,1,2
1511,3,-2.2525,2,-1.8821,3,2,1
1512,3,-1.9796,2,-1.526,3,2,1
1513,3,-2.4625,3,-1.2624,3,3,0
1514,4,-2.1228,3,-1.7634,4,3,1
1515,5,-3.2009,3,-1.8519,5,3,2
1516,2,-1.0462,3,-1.745,3,2,1
1517,2,-1.129,4,-1.7523,4,2,2
1518,2,-1.2246,5,-1.4351,5,2,3
1519,3,-1.5713,3,-2.0462,3,3,0
1520,2,-1.2797,2,-1.8412,2,2,0
1521,4,-0.9971,1,-2.1649,4,1,3
1522,3,-1.9277,2,-2.0235,3,2,1
1523,3,-2.1209,2,-1.9555,3,2,1
1524,4,-1.4773,2,-1.5385,4,2,2
1525,6,-1.6438,3,-1.2622,6,3,3
1526,1,-0.8264,2,-1.3129,2,1,1
1527,0,,2,-1.0548,2,0,2
1528,2,-1.6352,3,-1.744,3,2,1
1529,2,-2.2109,1,-1.3492,2,1,1
1530,3,-1.5962,1,-1.2553,3,1,2
1531,3,-2.7044,2,-1.1831,3,2,1
1532,3,-1.7841,3,-2.315,3,3,0
1533,3,-1.4532,2,-1.55,3,2,1
1534,2,-1.2916,3,-1.569,3,2,1
1535,2,-1.9493,4,-2.3018,4,2,2
1536,3,-1.8341,2,-2.0313,3,2,1
1537,2,-1.6946,2,-1.6365,2,2,0
1538,4,-2.0468,4,-1.7938,4,4,0
1539,2,-2.0345,2,-1.7453,2,2,0
1540,2,-2.4498,3,-1.7412,3,2,1
1541,2,-2.1976,2,-2.9892,2,2,0
1542,4,-1.3236,2,-2.437,4,2,2
1543,1,-1.9608,2,-1.937,2,1,1
1544,2,-1.0005,3,-1.5494,3,2,1
1545,1,-2.2416,3,-2.1245,3,1,2
1546,2,-1.3191,2,-2.6478,2,2,0
1547,3,-1.0807,2,-2.001,3,2,1
1548,3,-1.1106,1,-2.4929,3,1,2
1549,3,-1.0806,3,-1.5981,3,3,0
1550,3,-2.0288,3,-2.9875,3,3,0
1551,5,-1.1438,1,-2.419,5,1,4
1552,5,-1.938,3,-1.696,5,3,2
1553,2,-1.4244,2,-1.517,2,2,0
1554,1,-1.7382,4,-1.1361,4,1,3
1555,2,-1.967,2,-1.2581,2,2,0
1556,2,-2.2792,1,-1.3114,2,1,1
1557,5,-1.7338,2,-1.0638,5,2,3
1558,4,-1.9436,3,-2.4617,4,3,1
1559,3,-1.9178,3,-1.4109,3,3,0
1560,3,-1.4658,2,-2.2029,3,2,1
1561,2,-2.4412,3,-3.0129,3,2,1
1562,3,-1.7629,2,-1.801,3,2,1
1563,4,-1.6997,2,-1.6127,4,2,2
1564,3,-2.7651,2,-1.4796,3,2,1
1565,5,-1.925,1,-1.339,5,1,4
1566,4,-2.2462,3,-1.3469,4,3,1
1567,2,-2.4715,2,-1.7412,2,2,0
1568,5,-1.6767,2,-2.1229,5,2,3
1569,2,-2.6063,2,-2.143,2,2,0
1570,4,-1.7583,4,-1.5866,4,4,0
1571,2,-1.76,4,-2.1221,4,2,2
1572,3,-1.7172,4,-2.2638,4,3,1
1573,3,-1.3886,2,-1.5695,3,2,1
1574,3,-1.3482,2,-2.7784,3,2,1
1575,4,-1.4227,2,-1.807,4,2,2
1576,4,-2.6328,3,-2.0216,4,3,1
1577,5,-1.7495,1,-2.5892,5,1,4
1578,5,-2.1412,2,-1.302,5,2,3
1579,2,-1.0395,1,-1.0873,2,1,1
1580,4,-1.1421,1,-0.8576,4,1,3
1581,3,-1.7695,0,,3,0,3
1582,4,-2.5273,0,,4,0,4
1583,5,-1.7073,2,-1.3972,5,2,3
1584,4,-1.4894,1,-1.0367,4,1,3
1585,2,-1.7411,3,-1.311,3,2,1
1586,1,-2.1542,3,-2.3406,3,1,2
1587,5,-1.4059,3,-1.5277,5,3,2
1588,4,-1.4568,2,-1.1692,4,2,2
1589,3,-2.1007,1,-1.4831,3,1,2
1590,3,-1.6502,1,-0.8356,3,1,2
1591,4,-1.7049,2,-1.1372,4,2,2
1592,4,-2.0542,2,-1.6649,4,2,2
1593,4,-2.162,2,-2.131,4,2,2
1594,1,-2.7071,2,-1.1772,2,1,1
1595,3,-1.9023,2,-1.9556,3,2,1
1596,2,-1.3332,4,-1.4265,4,2,2
1597,4,-1.7306,3,-2.7335,4,3,1
1598,4,-1.0385,2,-1.9708,4,2,2
1599,3,-1.3137,1,-1.9285,3,1,2
1600,4,-1.6386,2,-1.3234,4,2,2
1601,5,-2.6012,2,-2.1873,5,2,3
1602,5,-1.2299,1,-1.9138,5,1,4
1603,6,-2.0275,1,-1.0191,6,1,5
1604,3,-1.1011,1,-0.8267,3,1,2
1605,3,-1.1773,0,,3,0,3
1606,4,-1.7635,0,,4,0,4
1607,3,-1.9071,3,-1.0813,3,3,0
1608,3,-1.2014,2,-0.8385,3,2,1
1609,3,-1.5234,3,-1.1374,3,3,0
1610,3,-1.0424,4,-2.5456,4,3,1
1611,2,-1.4887,3,-1.617,3,2,1
1612,3,-1.7736,2,-1.5476,3,2,1
1613,5,-1.8758,3,-1.7891,5,3,2
1614,5,-1.616,2,-1.9515,5,2,3
1615,4,-2.1185,2,-1.1249,4,2,2
1616,3,-1.7872,2,-1.7967,3,2,1
1617,4,-2.9811,3,-1.6214,4,3,1
1618,2,-2.0747,2,-1.2918,2,2,0
1619,5,-1.3765,2,-1.4274,5,2,3
1620,3,-1.9256,2,-1.2155,3,2,1
1621,5,-1.7666,3,-2.2126,5,3,2
1622,4,-1.168,2,-1.6117,4,2,2
1623,3,-1.1182,2,-1.2435,3,2,1
1624,4,-1.7766,2,-1.3935,4,2,2
1625,3,-1.7268,2,-1.4248,3,2,1
1626,5,-1.5721,1,-1.6885,5,1,4
1627,6,-2.0535,2,-0.8428,6,2,4
1628,2,-1.0613,1,-1.0538,2,1,1
1629,3,-1.7806,0,,3,0,3
1630,2,-1.1818,3,-1.1773,3,2,1
1631,2,-0.9951,3,-0.9982,3,2,1
1632,1,-1.5251,4,-1.2424,4,1,3
1633,1,-0.9394,4,-1.2705,4,1,3
1634,3,-1.2097,4,-1.6765,4,3,1
1635,2,-1.9341,2,-1.333,2,2,0
1636,2,-2.2986,5,-1.3279,5,2,3
1637,3,-2.1749,2,-1.1002,3,2,1
1638,3,-2.5369,3,-1.3007,3,3,0
1639,2,-2.465,3,-1.5013,3,2,1
1640,3,-4.1789,3,-2.0214,3,3,0
1641,3,-2.3052,2,-1.6062,3,2,1
1642,3,-2.2497,4,-1.2862,4,3,1
1643,2,-2.7596,2,-1.6646,2,2,0
1644,3,-2.2227,4,-2.3027,4,3,1
1645,2,-1.4213,1,-1.925,2,1,1
1646,2,-1.5264,2,-1.8884,2,2,0
1647,4,-1.85,2,-1.9177,4,2,2
1648,2,-1.3867,2,-1.7731,2,2,0
1649,5,-1.6081,2,-1.5852,5,2,3
1650,5,-2.1274,3,-1.1498,5,3,2
1651,3,-1.0521,1,-0.9889,3,1,2
1652,2,-0.9826,3,-1.6246,3,2,1
1653,1,-1.5593,3,-1.171,3,1,2
1654,2,-1.319,4,-1.5172,4,2,2
1655,2,-1.1917,2,-1.6409,2,2,0
1656,2,-1.2256,4,-1.7874,4,2,2
1657,2,-1.4901,3,-1.3244,3,2,1
1658,4,-1.5438,4,-1.9199,4,4,0
1659,4,-1.2123,2,-1.0226,4,2,2
1660,3,-1.5892,2,-1.2159,3,2,1
1661,2,-1.9506,3,-1.7736,3,2,1
1662,4,-1.5822,3,-1.9758,4,3,1
1663,2,-1.6957,2,-1.6969,2,2,0
1664,3,-1.5043,3,-1.4314,3,3,0
1665,3,-1.5539,3,-1.4071,3,3,0
1666,3,-1.0508,4,-1.9906,4,3,1
1667,3,-1.0535,2,-1.4002,3,2,1
1668,3,-1.2045,3,-1.7038,3,3,0
1669,2,-0.8969,2,-3.1489,2,2,0
1670,2,-3.1399,2,-2.3068,2,2,0
1671,3,-1.2862,2,-2.599,3,2,1
1672,4,-2.062,3,-1.336,4,3,1
1673,1,-1.0007,3,-1.6668,3,1,2
1674,2,-1.0429,4,-1.2869,4,2,2
1675,0,,5,-1.4749,5,0,5
1676,1,-0.824,5,-2.134,5,1,4
1677,1,-0.7818,5,-1.6788,5,1,4
1678,2,-0.9851,1,-1.7324,2,1,1
1679,5,-0.9264,5,-2.1715,5,5,0
1680,4,-1.365,3,-1.2624,4,3,1
1681,3,-1.5347,2,-1.7163,3,2,1
1682,2,-1.8098,3,-1.9132,3,2,1
1683,4,-1.7172,4,-1.9772,4,4,0
1684,2,-1.6842,5,-1.3057,5,2,3
1685,2,-2.3036,3,-1.399,3,2,1
1686,2,-2.0816,3,-2.1387,3,2,1
1687,2,-1.625,3,-2.0418,3,2,1
1688,4,-1.2056,1,-2.0172,4,1,3
1689,3,-1.0559,4,-1.7133,4,3,1
1690,3,-0.9447,2,-1.7212,3,2,1
1691,3,-0.9258,2,-1.801,3,2,1
1692,3,-1.229,2,-2.0746,3,2,1
1693,4,-2.0119,4,-1.3621,4,4,0
1694,1,-4.6934,2,-1.3656,2,1,1
1695,1,-1.5909,2,-2.07,2,1,1
1696,2,-2.3461,4,-1.3083,4,2,2
1697,1,-1.2612,3,-1.75,3,1,2
1698,3,-2.1551,4,-1.4638,4,3,1
1699,4,-2.3462,5,-1.9555,5,4,1
1700,4,-2.786,3,-1.2609,4,3,1
1701,5,-2.4869,3,-1.3641,5,3,2
1702,4,-1.8298,3,-1.7117,4,3,1
1703,5,-2.0268,4,-1.657,5,4,1
1704,3,-2.2503,2,-1.446,3,2,1
1705,4,-1.7615,2,-1.6895,4,2,2
1706,4,-2.3623,4,-1.8716,4,4,0
1707,4,-2.114,4,-1.8168,4,4,0
1708,5,-1.8465,1,-1.9824,5,1,4
1709,5,-1.56,2,-1.8851,5,2,3
1710,5,-2.4576,1,-1.981,5,1,4
1711,4,-1.8749,3,-1.4702,4,3,1
1712,5,-1.9155,2,-1.3743,5,2,3
1713,5,-2.1538,3,-1.3974,5,3,2
1714,1,-1.5493,4,-1.5869,4,1,3
1715,2,-1.3814,2,-0.9469,2,2,0
1716,3,-1.1725,2,-1.0063,3,2,1
1717,3,-2.0173,3,-1.1476,3,3,0
1718,5,-1.4519,5,-1.2479,5,5,0
1719,4,-2.0824,2,-1.9738,4,2,2
1720,5,-1.973,2,-1.027,5,2,3
1721,5,-1.799,2,-2.4421,5,2,3
1722,5,-2.4152,2,-2.2842,5,2,3
1723,2,-2.6319,1,-1.9847,2,1,1
1724,2,-2.4579,2,-1.6612,2,2,0
1725,3,-2.0903,3,-1.7049,3,3,0
1726,2,-2.828,3,-2.7385,3,2,1
1727,5,-2.1481,1,-1.9357,5,1,4
1728,4,-2.1012,3,-2.1609,4,3,1
1729,5,-1.7365,1,-1.7948,5,1,4
1730,5,-2.6934,3,-1.2639,5,3,2
1731,4,-2.0961,2,-1.5139,4,2,2
1732,4,-2.9835,2,-2.7249,4,2,2
1733,2,-3.1088,2,-2.103,2,2,0
1734,4,-2.1882,1,-2.1233,4,1,3
1735,4,-2.6185,3,-1.1091,4,3,1
1736,4,-2.7958,4,-1.7217,4,4,0
1737,5,-2.4955,1,-1.0475,5,1,4
1738,5,-1.9718,1,-0.9522,5,1,4
1739,5,-2.109,2,-1.4013,5,2,3
1740,5,-3.9946,5,-1.4914,5,5,0
1741,3,-3.2339,4,-1.4656,4,3,1
1742,4,-2.9939,3,-1.1426,4,3,1
1743,4,-2.2607,5,-1.5523,5,4,1
1744,5,-1.5074,5,-2.2815,5,5,0
1745,5,-2.2379,2,-1.3994,5,2,3
1746,5,-1.8602,2,-1.1494,5,2,3
1747,5,-2.248,2,-1.3617,5,2,3
1748,5,-2.2467,1,-2.2274,5,1,4
1749,5,-2.1842,2,-1.7438,5,2,3
1750,6,-2.2733,3,-1.9882,6,3,3
1751,2,-3.9448,1,-1.0202,2,1,1
1752,2,-1.3247,2,-1.2984,2,2,0
1753,3,-1.2884,3,-1.1514,3,3,0
1754,5,-1.7769,2,-0.999,5,2,3
1755,5,-1.7675,1,-0.824,5,1,4
1756,4,-2.3329,3,-0.9449,4,3,1
1757,4,-1.9113,1,-2.1757,4,1,3
1758,3,-2.209,0,,3,0,3
1759,4,-1.8964,3,-0.8146,4,3,1
1760,4,-1.9268,2,-1.1559,4,2,2
1761,3,-2.177,3,-1.5704,3,3,0
1762,5,-2.9662,1,-1.4219,5,1,4
1763,5,-1.6519,2,-1.3649,5,2,3
1764,5,-1.9215,0,,5,0,5
1765,5,-2.9559,2,-1.954,5,2,3
1766,6,-1.6971,0,,6,0,6
1767,6,-3.183,3,-1.8732,6,3,3
1768,2,-1.9275,1,-1.022,2,1,1
1769,2,-1.6623,2,-1.1578,2,2,0
1770,3,-1.5002,1,-3.4035,3,1,2
1771,2,-2.6411,1,-2.0061,2,1,1
1772,2,-2.1228,1,-1.4977,2,1,1
1773,2,-3.3481,2,-1.3649,2,2,0
1774,3,-2.7006,1,-0.8157,3,1,2
1775,3,-1.9157,4,-1.0283,4,3,1
1776,5,-1.5631,3,-1.9344,5,3,2
1777,4,-1.8322,4,-2.1925,4,4,0
1778,5,-2.0,1,-2.2823,5,1,4
1779,3,-2.0643,3,-1.7391,3,3,0
1780,4,-1.9389,1,-2.9809,4,1,3
1781,3,-2.6319,2,-1.7676,3,2,1
1782,4,-2.1903,0,,4,0,4
1783,6,-2.5137,2,-2.7118,6,2,4
1784,3,-0.8257,2,-2.0941,3,2,1
1785,3,-1.1449,1,-3.827,3,1,2
1786,3,-1.3695,1,-3.799,3,1,2
1787,2,-1.3638,3,-1.0282,3,2,1
1788,4,-1.7289,2,-1.4583,4,2,2
1789,4,-1.0318,3,-1.6705,4,3,1
1790,3,-1.2204,5,-1.3631,5,3,2
1791,5,-1.2558,4,-2.0124,5,4,1
1792,4,-1.0433,3,-2.7139,4,3,1
1793,5,-1.5603,1,-1.0953,5,1,4
1794,5,-1.2565,3,-1.6666,5,3,2
1795,4,-1.2092,0,,4,0,4
1796,5,-1.6193,1,-2.5285,5,1,4
1797,5,-1.3479,1,-2.3453,5,1,4
1798,5,-2.0525,3,-2.8916,5,3,2
1799,3,-1.7931,1,-1.0019,3,1,2
1800,2,-2.2411,1,-1.0685,2,1,1
1801,2,-2.3959,3,-1.2785,3,2,1
1802,2,-2.7762,1,-0.9981,2,1,1
1803,3,-1.8235,2,-2.8293,3,2,1
1804,3,-1.7992,4,-1.5638,4,3,1
1805,3,-1.9432,4,-2.1354,4,3,1
1806,4,-1.1805,2,-4.0877,4,2,2
1807,6,-1.8695,2,-1.8632,6,2,4
1808,5,-1.4654,3,-2.8999,5,3,2
1809,6,-1.3888,2,-1.7024,6,2,4
1810,5,-1.8343,1,-1.1912,5,1,4
1811,4,-1.9371,1,-1.2487,4,1,3
1812,6,-2.137,3,-2.104,6,3,3
1813,1,-0.8866,2,-2.711,2,1,1
1814,2,-3.1097,2,-1.9366,2,2,0
1815,1,-2.0555,2,-1.4918,2,1,1
1816,2,-2.3822,2,-1.4635,2,2,0
1817,1,-1.0743,4,-1.8637,4,1,3
1818,2,-1.4846,4,-1.4812,4,2,2
1819,2,-1.0953,3,-2.7437,3,2,1
1820,4,-1.8698,2,-2.5474,4,2,2
1821,3,-1.2284,3,-1.6956,3,3,0
1822,3,-1.2242,2,-1.4552,3,2,1
1823,4,-1.6742,2,-2.4099,4,2,2
1824,4,-1.1503,2,-1.3773,4,2,2
1825,5,-2.3042,3,-1.8386,5,3,2
1826,2,-2.2935,2,-1.7222,2,2,0
1827,3,-1.8523,1,-2.329,3,1,2
1828,1,-2.7622,2,-1.1196,2,1,1
1829,3,-1.4132,4,-1.1348,4,3,1
1830,3,-1.3183,3,-1.7739,3,3,0
1831,1,-1.04,2,-1.7385,2,1,1
1832,4,-1.4142,1,-1.5373,4,1,3
1833,4,-1.4395,2,-1.3574,4,2,2
1834,3,-1.1821,2,-1.7534,3,2,1
1835,5,-2.3206,1,-2.2217,5,1,4
1836,4,-1.5489,2,-1.0046,4,2,2
1837,3,-1.657,2,-1.8992,3,2,1
1838,1,-2.792,1,-1.9393,1,1,0
1839,2,-1.6948,3,-1.297,3,2,1
1840,4,-1.1339,3,-1.1234,4,3,1
1841,4,-1.239,3,-2.488,4,3,1
1842,3,-1.606,3,-3.8267,3,3,0
1843,5,-1.3327,2,-3.4426,5,2,3
1844,4,-1.5832,1,-0.8432,4,1,3
1845,4,-1.1735,1,-1.3133,4,1,3
1846,4,-1.9108,1,-2.549,4,1,3
1847,4,-1.8364,2,-3.0642,4,2,2
1848,5,-2.1565,3,-3.4637,5,3,2
1849,1,-1.5378,4,-1.1321,4,1,3
1850,2,-0.8693,4,-1.6,4,2,2
1851,2,-1.2249,4,-1.6923,4,2,2
1852,1,-1.4525,2,-1.8628,2,1,1
1853,3,-1.0337,3,-1.6224,3,3,0
1854,3,-1.1011,2,-3.2562,3,2,1
1855,3,-0.8964,1,-3.4647,3,1,2
1856,4,-1.1748,2,-0.9768,4,2,2
1857,3,-1.0363,2,-1.2731,3,2,1
1858,3,-2.1431,4,-3.089,4,3,1
1859,0,,1,-2.3902,1,0,1
1860,1,-1.0961,1,-2.7353,1,1,0
1861,1,-1.7844,4,-1.4555,4,1,3
1862,4,-1.2926,3,-1.1779,4,3,1
1863,4,-1.1942,2,-2.086,4,2,2
1864,3,-1.2392,2,-1.7534,3,2,1
1865,4,-1.3618,1,-1.3687,4,1,3
1866,3,-1.2851,1,-1.3549,3,1,2
1867,4,-2.4695,3,-2.7107,4,3,1
1868,3,-0.8763,1,-1.8614,3,1,2
1869,2,-1.3565,3,-1.8369,3,2,1
1870,3,-1.8548,3,-0.8479,3,3,0
1871,4,-1.2789,2,-1.3675,4,2,2
1872,3,-1.4053,2,-1.588,3,2,1
1873,3,-1.4252,1,-1.4057,3,1,2
1874,5,-1.8233,1,-1.8429,5,1,4
1875,5,-1.7701,2,-2.1697,5,2,3
1876,1,-0.9749,3,-1.3963,3,1,2
1877,4,-2.4046,2,-1.0532,4,2,2
1878,3,-2.1712,1,-0.8098,3,1,2
1879,4,-1.2232,2,-1.3747,4,2,2
1880,5,-1.8766,1,-0.8026,5,1,4
1881,6,-1.8223,1,-1.4235,6,1,5
1882,6,-2.2225,2,-2.8976,6,2,4
1883,1,-4.9704,0,,1,0,1
1884,2,-2.9576,1,-0.7535,2,1,1
1885,4,-1.4312,2,-1.6121,4,2,2
1886,2,-5.7193,1,-0.8816,2,1,1
1887,5,-2.0236,2,-1.2774,5,2,3
1888,4,-3.3267,2,-1.9162,4,2,2
1889,0,,3,-2.5048,3,0,3
1890,0,,3,-2.2831,3,0,3
1891,2,-2.8762,1,-1.0557,2,1,1
1892,3,-1.9264,1,-1.6658,3,1,2
1893,3,-1.4752,2,-2.2697,3,2,1
1894,1,-3.6091,0,,1,0,1
1895,2,-2.9925,1,-2.1383,2,1,1
1896,3,-1.53,1,-1.0721,3,1,2
1897,4,-1.8364,3,-1.6326,4,3,1
1898,1,-3.4054,0,,1,0,1
1899,3,-2.5728,2,-1.565,3,2,1
1900,4,-1.9904,3,-2.0945,4,3,1
1901,1,-2.6912,2,-1.4532,2,1,1
1902,4,-1.7083,3,-2.046,4,3,1
1903,3,-1.2103,3,-1.9219,3,3,0
